Steps,Policy/Entropy,Policy/Extrinsic Value Estimate,Policy/GAIL Value Estimate,Environment/Episode Length,Environment/Cumulative Reward,Policy/Extrinsic Reward,Policy/GAIL Reward,Losses/Value Loss,Losses/Policy Loss,Policy/Learning Rate,Policy/Epsilon,Policy/Beta,Losses/GAIL Loss,Policy/GAIL Policy Estimate,Policy/GAIL Expert Estimate,Losses/Pretraining Loss,Is Training
10000,1.4120271,12.540212,23.866175,799.0,0.0,0.0,698.5636566683761,622.48444,0.07808879,0.0002992032,0.19973439,0.0049867467,12.401817,0.20297867,0.98282295,0.16393846,1.0
20000,1.3985217,6.2595887,19.405218,799.0,0.4166666666666667,0.4166666666666667,49.35058450492576,14.414815,0.06714082,0.0002977632,0.19925441,0.0049627945,4.15578,0.07449946,0.980967,0.12122883,1.0
30000,1.3864182,4.4609733,31.18551,799.0,3.0,3.0,179.03716853031744,34.30869,0.05179013,0.00029624306,0.1987477,0.004937509,1.5406612,0.26840836,0.88942087,0.117957756,1.0
40000,1.3708231,2.729403,29.335325,799.0,5.5,5.5,169.58780775467554,6.766684,0.04110204,0.0002947232,0.19824106,0.0049122293,1.1582472,0.27518606,0.8720672,0.11461927,1.0
50000,1.3560663,1.5517054,25.221266,799.0,4.384615384615385,4.384615384615385,86.87564153625415,4.6667604,0.056120172,0.0002932832,0.19776106,0.004888277,0.68396074,0.16569804,0.9273913,0.11281298,1.0
60000,1.342283,0.8237631,22.942572,799.0,3.9166666666666665,3.9166666666666665,125.25626347959042,4.2901278,0.08054672,0.0002917632,0.19725439,0.004862995,0.759282,0.21705024,0.9075368,0.11345742,1.0
70000,1.3242137,1.0744177,22.437437,799.0,6.769230769230769,6.769230769230769,133.47236415056082,4.312113,0.0560031,0.00029024322,0.19674774,0.004837712,0.7202873,0.24087927,0.88618547,0.10795848,1.0
