{
    "name": "root",
    "gauges": {
        "RobotReacher.Policy.Entropy.mean": {
            "value": -0.25038954615592957,
            "min": -0.25038954615592957,
            "max": 1.3437464237213135,
            "count": 13
        },
        "RobotReacher.Policy.GAILValueEstimate.mean": {
            "value": 24.271400451660156,
            "min": 3.3596253395080566,
            "max": 25.6483097076416,
            "count": 13
        },
        "RobotReacher.Losses.ValueLoss.mean": {
            "value": 4.187647342681885,
            "min": 2.124607801437378,
            "max": 39.664005279541016,
            "count": 13
        },
        "RobotReacher.Losses.PolicyLoss.mean": {
            "value": 0.11066865921020508,
            "min": 0.09746020287275314,
            "max": 0.11066865921020508,
            "count": 13
        },
        "RobotReacher.Policy.LearningRate.mean": {
            "value": 0.00028126631514169276,
            "min": 0.00028126631514169276,
            "max": 0.0002992320223711431,
            "count": 13
        },
        "RobotReacher.Policy.Epsilon.mean": {
            "value": 0.19375541806221008,
            "min": 0.19375541806221008,
            "max": 0.19974400103092194,
            "count": 13
        },
        "RobotReacher.Policy.Beta.mean": {
            "value": 0.0009381789132021368,
            "min": 0.0009381789132021368,
            "max": 0.000997465569525957,
            "count": 13
        },
        "RobotReacher.Losses.GAILLoss.mean": {
            "value": 0.615934431552887,
            "min": 0.615934431552887,
            "max": 2.3422679901123047,
            "count": 13
        },
        "RobotReacher.Policy.GAILPolicyEstimate.mean": {
            "value": 0.20840893685817719,
            "min": 0.20840893685817719,
            "max": 0.374693900346756,
            "count": 13
        },
        "RobotReacher.Policy.GAILExpertEstimate.mean": {
            "value": 0.7929620146751404,
            "min": 0.6264115571975708,
            "max": 0.7929620146751404,
            "count": 13
        },
        "RobotReacher.Losses.PretrainingLoss.mean": {
            "value": 0.017984863370656967,
            "min": 0.017984863370656967,
            "max": 0.12551656365394592,
            "count": 13
        },
        "RobotReacher.IsTraining.mean": {
            "value": 1.0,
            "min": 1.0,
            "max": 1.0,
            "count": 13
        },
        "RobotReacher.Environment.EpisodeLength.mean": {
            "value": 799.0,
            "min": 799.0,
            "max": 799.0,
            "count": 8
        },
        "RobotReacher.Environment.CumulativeReward.mean": {
            "value": 4.0,
            "min": 0.0,
            "max": 27.75,
            "count": 9
        },
        "RobotReacher.Policy.GAILReward.mean": {
            "value": 202.0116432070732,
            "min": 186.2579746246338,
            "max": 331.21271481513975,
            "count": 9
        }
    },
    "metadata": {
        "timer_format_version": "0.1.0",
        "start_time_seconds": "1692911299",
        "python_version": "3.7.16 (default, Jan 17 2023, 16:06:28) [MSC v.1916 64 bit (AMD64)]",
        "command_line_arguments": "C:\\Users\\dhh3hb\\Anaconda3\\envs\\ml-agents-108\\Scripts\\mlagents-learn config/RobotReacher.yaml --run-id=Lite6_Imitation_15",
        "mlagents_version": "0.17.0",
        "mlagents_envs_version": "0.17.0",
        "communication_protocol_version": "1.0.0",
        "tensorflow_version": "2.11.0",
        "end_time_seconds": "1692911855"
    },
    "total": 556.1179278999999,
    "count": 1,
    "self": 0.004225599999926999,
    "children": {
        "run_training.setup": {
            "total": 0.012224100000000071,
            "count": 1,
            "self": 0.012224100000000071
        },
        "TrainerController.start_learning": {
            "total": 556.1014782,
            "count": 1,
            "self": 3.8026302000016585,
            "children": {
                "TrainerController._reset_env": {
                    "total": 9.1911716,
                    "count": 1,
                    "self": 9.1911716
                },
                "demo_to_buffer": {
                    "total": 0.8360178999999999,
                    "count": 2,
                    "self": 0.002843700000001448,
                    "children": {
                        "load_demonstration": {
                            "total": 0.011846099999999637,
                            "count": 2,
                            "self": 0.011631900000001139,
                            "children": {
                                "read_file": {
                                    "total": 0.00021419999999849892,
                                    "count": 2,
                                    "self": 0.00021419999999849892
                                }
                            }
                        },
                        "make_demo_buffer": {
                            "total": 0.8213280999999988,
                            "count": 2,
                            "self": 0.23312679999995645,
                            "children": {
                                "steps_from_proto": {
                                    "total": 0.5882013000000423,
                                    "count": 8700,
                                    "self": 0.34177630000016457,
                                    "children": {
                                        "_process_vector_observation": {
                                            "total": 0.24642499999987777,
                                            "count": 17400,
                                            "self": 0.24642499999987777
                                        }
                                    }
                                }
                            }
                        }
                    }
                },
                "TrainerController.advance": {
                    "total": 542.0110110999984,
                    "count": 6534,
                    "self": 0.07399489999988873,
                    "children": {
                        "env_step": {
                            "total": 541.9370161999985,
                            "count": 6534,
                            "self": 535.8539653999965,
                            "children": {
                                "SubprocessEnvManager._take_step": {
                                    "total": 5.996313800003842,
                                    "count": 6534,
                                    "self": 0.2844055000034249,
                                    "children": {
                                        "NNPolicy.evaluate": {
                                            "total": 5.711908300000417,
                                            "count": 6534,
                                            "self": 5.711908300000417
                                        }
                                    }
                                },
                                "workers": {
                                    "total": 0.08673699999826745,
                                    "count": 6533,
                                    "self": 0.0,
                                    "children": {
                                        "worker_root": {
                                            "total": 546.1653945999986,
                                            "count": 6533,
                                            "is_parallel": true,
                                            "self": 20.52079379999668,
                                            "children": {
                                                "steps_from_proto": {
                                                    "total": 0.0003644999999998788,
                                                    "count": 1,