Steps,Policy/Extrinsic Value Estimate,Policy/GAIL Value Estimate,Policy/Entropy,Losses/Value Loss,Losses/Policy Loss,Policy/Learning Rate,Policy/Epsilon,Policy/Beta,Losses/GAIL Loss,Policy/GAIL Policy Estimate,Policy/GAIL Expert Estimate,Losses/Pretraining Loss,Environment/Episode Length,Environment/Cumulative Reward,Policy/Extrinsic Reward,Policy/GAIL Reward,Is Training
20000,20.550678,26.486898,1.2795038,28.975266,0.19639066,0.00029775602,0.19925201,0.004962675,1.1085292,0.3095898,0.8330802,0.10757244,799.0,12.35,12.35,316.8685766220093,1.0
30000,18.263824,30.213066,1.1824914,17.81338,0.18280874,0.00029625598,0.198752,0.004937724,0.6493816,0.18665214,0.90835476,0.098037995,None,None,None,None,1.0
40000,13.853513,28.670546,1.0923266,2.7090554,0.12806961,0.00029474404,0.198248,0.0049125752,0.6656456,0.24662516,0.8486116,0.08931809,799.0,19.85,19.85,320.7298560142517,1.0
50000,11.057368,28.317892,0.99638337,1.6636078,0.14091267,0.0002932663,0.19775543,0.004887996,0.5910195,0.21243206,0.86351424,0.08460053,799.0,33.3,33.3,222.3037916660309,1.0
60000,8.37752,26.157333,0.8954075,1.4493454,0.17150775,0.000291744,0.197248,0.004862675,0.5686712,0.1964656,0.87086844,0.07964426,None,None,None,None,1.0
70000,7.0045304,24.207806,0.7813983,2.9666219,0.27822307,0.00029024915,0.1967497,0.004837811,0.3985403,0.1038809,0.9352045,0.07207849,799.0,23.85,23.85,186.33102477788924,1.0
