{
    "name": "root",
    "gauges": {
        "RobotReacher.Policy.Entropy.mean": {
            "value": 0.6961661577224731,
            "min": 0.6961661577224731,
            "max": 1.3376257419586182,
            "count": 5
        },
        "RobotReacher.Policy.ExtrinsicValueEstimate.mean": {
            "value": -23.402475357055664,
            "min": -63.63214874267578,
            "max": -23.402475357055664,
            "count": 5
        },
        "RobotReacher.Policy.GAILValueEstimate.mean": {
            "value": 2.448633909225464,
            "min": -37.653892517089844,
            "max": 2.448633909225464,
            "count": 5
        },
        "RobotReacher.Environment.EpisodeLength.mean": {
            "value": 799.0,
            "min": 799.0,
            "max": 799.0,
            "count": 5
        },
        "RobotReacher.Environment.CumulativeReward.mean": {
            "value": 22.923076923076923,
            "min": 1.0833333333333333,
            "max": 27.76923076923077,
            "count": 5
        },
        "RobotReacher.Policy.ExtrinsicReward.mean": {
            "value": 22.923076923076923,
            "min": 1.0833333333333333,
            "max": 27.76923076923077,
            "count": 5
        },
        "RobotReacher.Policy.GAILReward.mean": {
            "value": 273.67590789153024,
            "min": 224.60260603080192,
            "max": 387.4499643246333,
            "count": 5
        },
        "RobotReacher.Losses.ValueLoss.mean": {
            "value": 25.519943237304688,
            "min": 25.519943237304688,
            "max": 136.8013153076172,
            "count": 5
        },
        "RobotReacher.Losses.PolicyLoss.mean": {
            "value": 0.24199730157852173,
            "min": 0.13215385377407074,
            "max": 0.24199730157852173,
            "count": 5
        },
        "RobotReacher.Policy.LearningRate.mean": {
            "value": 0.00029328319942578673,
            "min": 0.00029328319942578673,
            "max": 0.00029920320957899094,
            "count": 5
        },
        "RobotReacher.Policy.Epsilon.mean": {
            "value": 0.19776107370853424,
            "min": 0.19776107370853424,
            "max": 0.1997343897819519,
            "count": 5
        },
        "RobotReacher.Policy.Beta.mean": {
            "value": 0.004888277035206556,
            "min": 0.004888277035206556,
            "max": 0.0049867467023432255,
            "count": 5
        },
        "RobotReacher.Losses.GAILLoss.mean": {
            "value": 0.7166725993156433,
            "min": 0.7166725993156433,
            "max": 5.099512577056885,
            "count": 5
        },
        "RobotReacher.Policy.GAILPolicyEstimate.mean": {
            "value": 0.20866741240024567,
            "min": 0.1496906280517578,
            "max": 0.3141634464263916,
            "count": 5
        },
        "RobotReacher.Policy.GAILExpertEstimate.mean": {
            "value": 0.8646624684333801,
            "min": 0.7980844974517822,
            "max": 0.9351167678833008,
            "count": 5
        },
        "RobotReacher.Losses.PretrainingLoss.mean": {
            "value": 0.04598712548613548,
            "min": 0.04550335183739662,
            "max": 0.1038559079170227,
            "count": 5
        },
        "RobotReacher.IsTraining.mean": {
            "value": 1.0,
            "min": 1.0,
            "max": 1.0,
            "count": 5
        }
    },
    "metadata": {
        "timer_format_version": "0.1.0",
        "start_time_seconds": "1692908410",
        "python_version": "3.7.16 (default, Jan 17 2023, 16:06:28) [MSC v.1916 64 bit (AMD64)]",
        "command_line_arguments": "C:\\Users\\dhh3hb\\Anaconda3\\envs\\ml-agents-108\\Scripts\\mlagents-learn config/RobotReacher.yaml --run-id=Lite6_Imitation_13",
        "mlagents_version": "0.17.0",
        "mlagents_envs_version": "0.17.0",
        "communication_protocol_version": "1.0.0",
        "tensorflow_version": "2.11.0",
        "end_time_seconds": "1692908996"
    },
    "total": 586.1452668,
    "count": 1,
    "self": 0.0056696999999985565,
    "children": {
        "run_training.setup": {
            "total": 0.015717900000000284,
            "count": 1,
            "self": 0.015717900000000284
        },
        "TrainerController.start_learning": {
            "total": 586.1238791999999,
            "count": 1,
            "self": 15.516833600002315,
            "children": {
                "TrainerController._reset_env": {
                    "total": 7.335973000000001,
                    "count": 1,
                    "self": 7.335973000000001
                },
                "demo_to_buffer": {
                    "total": 0.7591874000000018,
                    "count": 2,
                    "self": 0.0025102000000032376,
                    "children": {
                        "load_demonstration": {
                            "total": 0.018666699999998926,
                            "count": 2,
                            "self": 0.01844390000000118,
                            "children": {
                                "read_file": {
                                    "total": 0.00022279999999774702,
                                    "count": 2,
                                    "self": 0.00022279999999774702
                                }
                            }
                        },
                        "make_demo_buffer": {
                            "total": 0.7380104999999997,
                            "count": 2,
                            "self": 0.20867649999985893,
                            "children": {
                                "steps_from_proto": {
                                    "total": 0.5293340000001407,
                                    "count": 7760,
                                    "self": 0.30850390000021477,
                                    "children": {
                                        "_process_vector_observation": {
                                            "total": 0.22083009999992598,
                                            "count": 15520,
                                            "self": 0.22083009999992598
                                        }
                                    }
                                }
                            }
                        }
                    }
                },
                "TrainerController.advance": {
                    "total": 562.2495890999975,
                    "count": 57077,
                    "self": 0.5914784999922631,
                    "children": {
                        "env_step": {
                            "total": 561.6581106000052,
                            "count": 57077,
                            "self": 527.6004275000018,
                            "children": {
                                "SubprocessEnvManager._take_step": {
                                    "total": 33.42931719999514,
                                    "count": 57077,
                                    "self": 1.54952249998815,
                                    "children": {
                                        "NNPolicy.evaluate": {
                                            "total": 31.87979470000699,
                                            "count": 57077,
                                            "self": 31.87979470000699
                                        }
                                    }
                                },
                                "workers": {
                                    "total": 0.6283659000081823,
                                    "count": 57076,
                                    "self": 0.0,
                                    "children": {
                                        "worker_root": {
                                            "total": 577.1682377999936,