{
    "name": "root",
    "metadata": {
        "timer_format_version": "0.1.0",
        "start_time_seconds": "1692854817",
        "python_version": "3.7.16 (default, Jan 17 2023, 16:06:28) [MSC v.1916 64 bit (AMD64)]",
        "command_line_arguments": "C:\\Users\\dhh3hb\\Anaconda3\\envs\\ml-agents-108\\Scripts\\mlagents-learn config/RobotReacher.yaml --run-id=Lite6_Imitation_03",
        "mlagents_version": "0.17.0",
        "mlagents_envs_version": "0.17.0",
        "communication_protocol_version": "1.0.0",
        "tensorflow_version": "2.11.0",
        "end_time_seconds": "1692854881"
    },
    "total": 63.8614698,
    "count": 1,
    "self": 0.004120899999996652,
    "children": {
        "run_training.setup": {
            "total": 0.012192399999999992,
            "count": 1,
            "self": 0.012192399999999992
        },
        "TrainerController.start_learning": {
            "total": 63.8451565,
            "count": 1,
            "self": 3.211254300000391,
            "children": {
                "TrainerController._reset_env": {
                    "total": 22.5233943,
                    "count": 1,
                    "self": 22.5233943
                },
                "demo_to_buffer": {
                    "total": 0.47133179999999797,
                    "count": 2,
                    "self": 0.001701200000002956,
                    "children": {
                        "load_demonstration": {
                            "total": 0.007909999999998973,
                            "count": 2,
                            "self": 0.007741599999999238,
                            "children": {
                                "read_file": {
                                    "total": 0.00016839999999973543,
                                    "count": 2,
                                    "self": 0.00016839999999973543
                                }
                            }
                        },
                        "make_demo_buffer": {
                            "total": 0.46172059999999604,
                            "count": 2,
                            "self": 0.13260279999983737,
                            "children": {
                                "steps_from_proto": {
                                    "total": 0.32911780000015867,
                                    "count": 4684,
                                    "self": 0.19122300000031345,
                                    "children": {
                                        "_process_vector_observation": {
                                            "total": 0.13789479999984522,
                                            "count": 9368,
                                            "self": 0.13789479999984522
                                        }
                                    }
                                }
                            }
                        }
                    }
                },
                "TrainerController.advance": {
                    "total": 37.37383279999961,
                    "count": 6561,
                    "self": 0.0601128999998366,
                    "children": {
                        "env_step": {
                            "total": 37.313719899999775,
                            "count": 6561,
                            "self": 34.03700379999944,
                            "children": {
                                "SubprocessEnvManager._take_step": {
                                    "total": 3.211552600000399,
                                    "count": 6561,
                                    "self": 0.14773690000075845,
                                    "children": {
                                        "NNPolicy.evaluate": {
                                            "total": 3.0638156999996404,
                                            "count": 6561,
                                            "self": 3.0638156999996404
                                        }
                                    }
                                },
                                "workers": {
                                    "total": 0.06516349999993665,
                                    "count": 6560,
                                    "self": 0.0,
                                    "children": {
                                        "worker_root": {
                                            "total": 40.764414499999944,
                                            "count": 6560,
                                            "is_parallel": true,
                                            "self": 11.530148100000009,
                                            "children": {
                                                "steps_from_proto": {
                                                    "total": 0.0002919999999981826,
                                                    "count": 1,
                                                    "is_parallel": true,
                                                    "self": 0.00011590000000083478,
                                                    "children": {
                                                        "_process_vector_observation": {
                                                            "total": 0.00017609999999734782,
                                                            "count": 2,
                                                            "is_parallel": true,
                                                            "self": 0.00017609999999734782
                                                        }
                                                    }
                                                },
                                                "UnityEnvironment.step": {
                                                    "total": 29.233974399999937,
                                                    "count": 6560,
                                                    "is_parallel": true,
                                                    "self": 0.3807717999995255,
                                                    "children": {
                                                        "UnityEnvironment._generate_step_input": {
                                                            "total": 0.26544750000025275,
                                                            "count": 6560,
                                                            "is_parallel": true,
                                                            "self": 0.26544750000025275
                                                        },
                                                        "communicator.exchange": {
                                                            "total": 27.75677530000028,
                                                            "count": 6560,
                                                            "is_parallel": true,
                                                            "self": 27.75677530000028
                                                        },
                                                        "steps_from_proto": {
                                                            "total": 0.8309797999998771,
                                                            "count": 6560,
                                                            "is_parallel": true,
                                                            "self": 0.42606689999973213,
                                                            "children": {
                                                                "_process_vector_observation": {
                                                                    "total": 0.404912900000145,
                                                                    "count": 13120,