{
    "name": "root",
    "gauges": {
        "RobotReacher.Policy.Entropy.mean": {
            "value": -3.402775526046753,
            "min": -3.402775526046753,
            "max": 1.4085344076156616,
            "count": 200
        },
        "RobotReacher.Policy.ExtrinsicValueEstimate.mean": {
            "value": -0.007270108442753553,
            "min": -0.8229742646217346,
            "max": 11.631598472595215,
            "count": 200
        },
        "RobotReacher.Policy.GAILValueEstimate.mean": {
            "value": 5.593411445617676,
            "min": 0.33446183800697327,
            "max": 39.33998107910156,
            "count": 200
        },
        "RobotReacher.Losses.ValueLoss.mean": {
            "value": 0.039374448359012604,
            "min": 0.00011125839955639094,
            "max": 74.32276153564453,
            "count": 200
        },
        "RobotReacher.Losses.PolicyLoss.mean": {
            "value": 0.06414387375116348,
            "min": 0.042749881744384766,
            "max": 2.14884877204895,
            "count": 200
        },
        "RobotReacher.Policy.LearningRate.mean": {
            "value": 7.681011879867583e-07,
            "min": 7.681011879867583e-07,
            "max": 0.0002992320223711431,
            "count": 200
        },
        "RobotReacher.Policy.Epsilon.mean": {
            "value": 0.10025599598884583,
            "min": 0.10025599598884583,
            "max": 0.19974401593208313,
            "count": 200
        },
        "RobotReacher.Policy.Beta.mean": {
            "value": 2.2774420358473435e-05,
            "min": 2.2774420358473435e-05,
            "max": 0.004987225402146578,
            "count": 200
        },
        "RobotReacher.Losses.GAILLoss.mean": {
            "value": 0.1734464168548584,
            "min": 0.016934709623456,
            "max": 8.783699035644531,
            "count": 200
        },
        "RobotReacher.Policy.GAILPolicyEstimate.mean": {
            "value": 0.04594912379980087,
            "min": 0.003562936559319496,
            "max": 0.30598968267440796,
            "count": 200
        },
        "RobotReacher.Policy.GAILExpertEstimate.mean": {
            "value": 0.9579951763153076,
            "min": 0.758962869644165,
            "max": 0.9995404481887817,
            "count": 200
        },
        "RobotReacher.Losses.PretrainingLoss.mean": {
            "value": 0.054079823195934296,
            "min": 0.054079171270132065,
            "max": 0.1434185951948166,
            "count": 200
        },
        "RobotReacher.IsTraining.mean": {
            "value": 1.0,
            "min": 1.0,
            "max": 1.0,
            "count": 200
        },
        "RobotReacher.Environment.EpisodeLength.mean": {
            "value": 799.0,
            "min": 799.0,
            "max": 799.0,
            "count": 125
        },
        "RobotReacher.Environment.CumulativeReward.mean": {
            "value": 0.0,
            "min": 0.0,
            "max": 40.5,
            "count": 149
        },
        "RobotReacher.Policy.ExtrinsicReward.mean": {
            "value": 0.0,
            "min": 0.0,
            "max": 40.5,
            "count": 149
        },
        "RobotReacher.Policy.GAILReward.mean": {
            "value": 41.856495443143345,
            "min": 2.6756352688136853,
            "max": 278.8697470188141,
            "count": 149
        }
    },
    "metadata": {
        "timer_format_version": "0.1.0",
        "start_time_seconds": "1692861679",
        "python_version": "3.7.16 (default, Jan 17 2023, 16:06:28) [MSC v.1916 64 bit (AMD64)]",
        "command_line_arguments": "C:\\Users\\dhh3hb\\Anaconda3\\envs\\ml-agents-108\\Scripts\\mlagents-learn config/RobotReacher.yaml --run-id=Lite6_Imitation_08",
        "mlagents_version": "0.17.0",
        "mlagents_envs_version": "0.17.0",
        "communication_protocol_version": "1.0.0",
        "tensorflow_version": "2.11.0",
        "end_time_seconds": "1692870209"
    },
    "total": 8530.2547397,
    "count": 1,
    "self": 0.3932038000002649,
    "children": {
        "run_training.setup": {
            "total": 0.012413700000000194,
            "count": 1,
            "self": 0.012413700000000194
        },
        "TrainerController.start_learning": {
            "total": 8529.8491222,
            "count": 1,
            "self": 33.447841599907406,
            "children": {
                "TrainerController._reset_env": {
                    "total": 21.3972562,
                    "count": 1,
                    "self": 21.3972562
                },
                "demo_to_buffer": {
                    "total": 0.6087419000000018,
                    "count": 2,
                    "self": 0.0020847000000046023,
                    "children": {
                        "load_demonstration": {
                            "total": 0.00910549999999688,
                            "count": 2,
                            "self": 0.008905999999999636,
                            "children": {
                                "read_file": {
                                    "total": 0.00019949999999724355,
                                    "count": 2,
                                    "self": 0.00019949999999724355
                                }
                            }
                        },
                        "make_demo_buffer": {
                            "total": 0.5975517000000004,
                            "count": 2,
                            "self": 0.1703905999998696,
                            "children": {
                                "steps_from_proto": {
                                    "total": 0.42716110000013074,
                                    "count": 6144,
                                    "self": 0.24808660000017468,
                                    "children": {
                                        "_process_vector_observation": {
                                            "total": 0.17907449999995606,
                                            "count": 12288,
                                            "self": 0.17907449999995606
                                        }
                                    }
                                }
                            }
                        }
                    }
                },
                "TrainerController.advance": {
                    "total": 8474.185303700093,
                    "count": 100065,
                    "self": 1.1637667001050431,
                    "children": {
                        "env_step": {
                            "total": 8473.021536999988,
                            "count": 100065,
                            "self": 8387.87276959976,
                            "children": {
                                "SubprocessEnvManager._take_step": {
                                    "total": 83.79335300010017,
                                    "count": 100065,
                                    "self": 4.233133600067632,
                                    "children": {
                                        "NNPolicy.evaluate": {
                                            "total": 79.56021940003254,
                                            "count": 100065,
                                            "self": 79.56021940003254
                                        }
                                    }
                                },
                                "workers": {
                                    "total": 1.3554144001276818,
                                    "count": 100065,
                                    "self": 0.0,
                                    "children": {
                                        "worker_root": {
                                            "total": 8505.014315500051,
                                            "count": 100065,