{
    "name": "root",
    "metadata": {
        "timer_format_version": "0.1.0",
        "start_time_seconds": "1693972393",
        "python_version": "3.7.16 (default, Jan 17 2023, 16:06:28) [MSC v.1916 64 bit (AMD64)]",
        "command_line_arguments": "C:\\Users\\dhh3hb\\Anaconda3\\envs\\ml-agents-108\\Scripts\\mlagents-learn D:\\GitHub\\SampleMLAgents\\config\\DynamicHallwayFireRL.yaml --run-id DynamicHallwayFireRL_01",
        "mlagents_version": "0.17.0",
        "mlagents_envs_version": "0.17.0",
        "communication_protocol_version": "1.0.0",
        "tensorflow_version": "2.11.0",
        "end_time_seconds": "1693972440"
    },
    "total": 47.923036599999996,
    "count": 1,
    "self": 0.004898599999997089,
    "children": {
        "run_training.setup": {
            "total": 0.01715219999999995,
            "count": 1,
            "self": 0.01715219999999995
        },
        "TrainerController.start_learning": {
            "total": 47.9009858,
            "count": 1,
            "self": 1.716488699999971,
            "children": {
                "TrainerController._reset_env": {
                    "total": 30.690625400000002,
                    "count": 1,
                    "self": 30.690625400000002
                },
                "TrainerController.advance": {
                    "total": 15.268076800000024,
                    "count": 492,
                    "self": 0.006481999999962795,
                    "children": {
                        "env_step": {
                            "total": 15.261594800000061,
                            "count": 492,
                            "self": 13.36874250000006,
                            "children": {
                                "SubprocessEnvManager._take_step": {
                                    "total": 1.883622300000006,
                                    "count": 492,
                                    "self": 0.019379199999981722,
                                    "children": {
                                        "NNPolicy.evaluate": {
                                            "total": 1.8642431000000244,
                                            "count": 492,
                                            "self": 1.8642431000000244
                                        }
                                    }
                                },
                                "workers": {
                                    "total": 0.009229999999995186,
                                    "count": 491,
                                    "self": 0.0,
                                    "children": {
                                        "worker_root": {
                                            "total": 16.709713999999998,
                                            "count": 491,
                                            "is_parallel": true,
                                            "self": 4.273172999999925,
                                            "children": {
                                                "steps_from_proto": {
                                                    "total": 0.022898000000001417,
                                                    "count": 1,
                                                    "is_parallel": true,
                                                    "self": 0.001310400000001266,
                                                    "children": {
                                                        "_process_visual_observation": {
                                                            "total": 0.02158760000000015,
                                                            "count": 2,
                                                            "is_parallel": true,
                                                            "self": 0.00025780000000352743,
                                                            "children": {
                                                                "observation_to_np_array": {
                                                                    "total": 0.021329799999996624,
                                                                    "count": 6,
                                                                    "is_parallel": true,
                                                                    "self": 0.0001255000000028872,
                                                                    "children": {
                                                                        "process_pixels": {
                                                                            "total": 0.021204299999993736,
                                                                            "count": 6,
                                                                            "is_parallel": true,
                                                                            "self": 0.000794099999986031,
                                                                            "children": {
                                                                                "image_decompress": {
                                                                                    "total": 0.020410200000007706,
                                                                                    "count": 6,
                                                                                    "is_parallel": true,
                                                                                    "self": 0.020410200000007706
                                                                                }
                                                                            }
                                                                        }
                                                                    }
                                                                }
                                                            }
                                                        }
                                                    }
                                                },
                                                "UnityEnvironment.step": {
                                                    "total": 12.413643000000071,
                                                    "count": 491,
                                                    "is_parallel": true,
                                                    "self": 0.05739180000006883,
                                                    "children": {
                                                        "UnityEnvironment._generate_step_input": {
                                                            "total": 0.05489120000002856,
                                                            "count": 491,
                                                            "is_parallel": true,
                                                            "self": 0.05489120000002856
                                                        },
                                                        "communicator.exchange": {
                                                            "total": 11.259593299999963,
                                                            "count": 491,
                                                            "is_parallel": true,
                                                            "self": 11.259593299999963
                                                        },
                                                        "steps_from_proto": {
                                                            "total": 1.0417667000000108,
                                                            "count": 491,
                                                            "is_parallel": true,