{
    "name": "root",
    "metadata": {
        "timer_format_version": "0.1.0",
        "start_time_seconds": "1692855428",
        "python_version": "3.7.16 (default, Jan 17 2023, 16:06:28) [MSC v.1916 64 bit (AMD64)]",
        "command_line_arguments": "C:\\Users\\dhh3hb\\Anaconda3\\envs\\ml-agents-108\\Scripts\\mlagents-learn config/RobotReacher.yaml --run-id=Lite6_Imitation_05",
        "mlagents_version": "0.17.0",
        "mlagents_envs_version": "0.17.0",
        "communication_protocol_version": "1.0.0",
        "tensorflow_version": "2.11.0",
        "end_time_seconds": "1692855453"
    },
    "total": 25.0244044,
    "count": 1,
    "self": 0.004389200000002091,
    "children": {
        "run_training.setup": {
            "total": 0.010789700000000124,
            "count": 1,
            "self": 0.010789700000000124
        },
        "TrainerController.start_learning": {
            "total": 25.0092255,
            "count": 1,
            "self": 2.2274391000000797,
            "children": {
                "TrainerController._reset_env": {
                    "total": 7.5065067999999995,
                    "count": 1,
                    "self": 7.5065067999999995
                },
                "demo_to_buffer": {
                    "total": 0.46558609999999945,
                    "count": 2,
                    "self": 0.0015488999999977437,
                    "children": {
                        "load_demonstration": {
                            "total": 0.006797500000001122,
                            "count": 2,
                            "self": 0.006631000000000498,
                            "children": {
                                "read_file": {
                                    "total": 0.00016650000000062448,
                                    "count": 2,
                                    "self": 0.00016650000000062448
                                }
                            }
                        },
                        "make_demo_buffer": {
                            "total": 0.4572397000000006,
                            "count": 2,
                            "self": 0.13091029999995207,
                            "children": {
                                "steps_from_proto": {
                                    "total": 0.3263294000000485,
                                    "count": 4684,
                                    "self": 0.18978340000007954,
                                    "children": {
                                        "_process_vector_observation": {
                                            "total": 0.13654599999996897,
                                            "count": 9368,
                                            "self": 0.13654599999996897
                                        }
                                    }
                                }
                            }
                        }
                    }
                },
                "TrainerController.advance": {
                    "total": 14.512735099999919,
                    "count": 2154,
                    "self": 0.01903239999986006,
                    "children": {
                        "env_step": {
                            "total": 14.493702700000059,
                            "count": 2154,
                            "self": 12.92741010000001,
                            "children": {
                                "SubprocessEnvManager._take_step": {
                                    "total": 1.5455357000000074,
                                    "count": 2154,
                                    "self": 0.0478469999998925,
                                    "children": {
                                        "NNPolicy.evaluate": {
                                            "total": 1.497688700000115,
                                            "count": 2154,
                                            "self": 1.497688700000115
                                        }
                                    }
                                },
                                "workers": {
                                    "total": 0.020756900000041156,
                                    "count": 2153,
                                    "self": 0.0,
                                    "children": {
                                        "worker_root": {
                                            "total": 16.99940550000006,
                                            "count": 2153,
                                            "is_parallel": true,
                                            "self": 5.866577700000009,
                                            "children": {
                                                "steps_from_proto": {
                                                    "total": 0.0002738000000004348,
                                                    "count": 1,
                                                    "is_parallel": true,
                                                    "self": 0.00011890000000036594,
                                                    "children": {
                                                        "_process_vector_observation": {
                                                            "total": 0.00015490000000006887,
                                                            "count": 2,
                                                            "is_parallel": true,
                                                            "self": 0.00015490000000006887
                                                        }
                                                    }
                                                },
                                                "UnityEnvironment.step": {
                                                    "total": 11.132554000000049,
                                                    "count": 2153,
                                                    "is_parallel": true,
                                                    "self": 0.1253629000001979,
                                                    "children": {
                                                        "UnityEnvironment._generate_step_input": {
                                                            "total": 0.08719389999995286,
                                                            "count": 2153,
                                                            "is_parallel": true,
                                                            "self": 0.08719389999995286
                                                        },
                                                        "communicator.exchange": {
                                                            "total": 10.648177999999922,
                                                            "count": 2153,
                                                            "is_parallel": true,
                                                            "self": 10.648177999999922
                                                        },
                                                        "steps_from_proto": {
                                                            "total": 0.2718191999999764,
                                                            "count": 2153,
                                                            "is_parallel": true,
                                                            "self": 0.1388631999999017,
                                                            "children": {
                                                                "_process_vector_observation": {
                                                                    "total": 0.13295600000007468,
                                                                    "count": 4306,