{
    "name": "root",
    "gauges": {
        "RobotReacher.Policy.Entropy.mean": {
            "value": 1.4160979986190796,
            "min": 1.4160979986190796,
            "max": 1.4189382791519165,
            "count": 2
        },
        "RobotReacher.Policy.ExtrinsicValueEstimate.mean": {
            "value": -23.82628059387207,
            "min": -27.14144515991211,
            "max": -23.82628059387207,
            "count": 2
        },
        "RobotReacher.Policy.GAILValueEstimate.mean": {
            "value": -14.567072868347168,
            "min": -16.569011688232422,
            "max": -14.567072868347168,
            "count": 2
        },
        "RobotReacher.IsTraining.mean": {
            "value": 1.0,
            "min": 1.0,
            "max": 1.0,
            "count": 2
        },
        "RobotReacher.Losses.ValueLoss.mean": {
            "value": 8.29803466796875,
            "min": 8.29803466796875,
            "max": 8.29803466796875,
            "count": 1
        },
        "RobotReacher.Losses.PolicyLoss.mean": {
            "value": 0.05260076746344566,
            "min": 0.05260076746344566,
            "max": 0.05260076746344566,
            "count": 1
        },
        "RobotReacher.Policy.LearningRate.mean": {
            "value": 0.00029827203252352774,
            "min": 0.00029827203252352774,
            "max": 0.00029827203252352774,
            "count": 1
        },
        "RobotReacher.Policy.Epsilon.mean": {
            "value": 0.19942401349544525,
            "min": 0.19942401349544525,
            "max": 0.19942401349544525,
            "count": 1
        },
        "RobotReacher.Policy.Beta.mean": {
            "value": 0.004971258342266083,
            "min": 0.004971258342266083,
            "max": 0.004971258342266083,
            "count": 1
        },
        "RobotReacher.Losses.GAILLoss.mean": {
            "value": 6.603403568267822,
            "min": 6.603403568267822,
            "max": 6.603403568267822,
            "count": 1
        },
        "RobotReacher.Policy.GAILPolicyEstimate.mean": {
            "value": 0.09166492521762848,
            "min": 0.09166492521762848,
            "max": 0.09166492521762848,
            "count": 1
        },
        "RobotReacher.Policy.GAILExpertEstimate.mean": {
            "value": 0.8438153266906738,
            "min": 0.8438153266906738,
            "max": 0.8438153266906738,
            "count": 1
        },
        "RobotReacher.Losses.PretrainingLoss.mean": {
            "value": 1453.903564453125,
            "min": 1453.903564453125,
            "max": 1453.903564453125,
            "count": 1
        },
        "RobotReacher.Environment.EpisodeLength.mean": {
            "value": 799.0,
            "min": 799.0,
            "max": 799.0,
            "count": 1
        },
        "RobotReacher.Environment.CumulativeReward.mean": {
            "value": 0.0,
            "min": 0.0,
            "max": 0.0,
            "count": 1
        },
        "RobotReacher.Policy.ExtrinsicReward.mean": {
            "value": 0.0,
            "min": 0.0,
            "max": 0.0,
            "count": 1
        },
        "RobotReacher.Policy.GAILReward.mean": {
            "value": 24.273299992084503,
            "min": 24.273299992084503,
            "max": 24.273299992084503,
            "count": 1
        }
    },
    "metadata": {
        "timer_format_version": "0.1.0",
        "start_time_seconds": "1692850207",
        "python_version": "3.7.16 (default, Jan 17 2023, 16:06:28) [MSC v.1916 64 bit (AMD64)]",
        "command_line_arguments": "C:\\Users\\dhh3hb\\Anaconda3\\envs\\ml-agents-108\\Scripts\\mlagents-learn config/RobotReacher.yaml --run-id=Lite6_Imitation_02",
        "mlagents_version": "0.17.0",
        "mlagents_envs_version": "0.17.0",
        "communication_protocol_version": "1.0.0",
        "tensorflow_version": "2.11.0",
        "end_time_seconds": "1692850295"
    },
    "total": 88.2446104,
    "count": 1,
    "self": 0.00437240000000827,
    "children": {
        "run_training.setup": {
            "total": 0.011468899999999671,
            "count": 1,
            "self": 0.011468899999999671
        },
        "TrainerController.start_learning": {
            "total": 88.2287691,
            "count": 1,
            "self": 2.4033743999999047,
            "children": {
                "TrainerController._reset_env": {
                    "total": 7.080577300000001,
                    "count": 1,
                    "self": 7.080577300000001
                },
                "demo_to_buffer": {
                    "total": 0.6626849999999997,
                    "count": 2,
                    "self": 0.002360700000002325,
                    "children": {
                        "load_demonstration": {
                            "total": 0.009670799999998536,
                            "count": 2,
                            "self": 0.009428700000000845,
                            "children": {
                                "read_file": {
                                    "total": 0.00024209999999769138,
                                    "count": 2,
                                    "self": 0.00024209999999769138
                                }
                            }
                        },
                        "make_demo_buffer": {
                            "total": 0.6506534999999989,
                            "count": 2,
                            "self": 0.18776459999995687,
                            "children": {
                                "steps_from_proto": {
                                    "total": 0.462888900000042,
                                    "count": 6640,
                                    "self": 0.2697683999999363,
                                    "children": {
                                        "_process_vector_observation": {
                                            "total": 0.19312050000010572,
                                            "count": 13280,
                                            "self": 0.19312050000010572
                                        }
                                    }
                                }
                            }
                        }
                    }
                },
                "TrainerController.advance": {
                    "total": 77.8019867000001,
                    "count": 1147,
                    "self": 0.013519200000118303,
                    "children": {
                        "env_step": {
                            "total": 77.78846749999998,
                            "count": 1147,
                            "self": 76.37190869999988,
                            "children": {
                                "SubprocessEnvManager._take_step": {
                                    "total": 1.4012931000000926,
                                    "count": 1147,
                                    "self": 0.05078150000023385,
                                    "children": {
                                        "NNPolicy.evaluate": {
                                            "total": 1.3505115999998587,
                                            "count": 1147,
                                            "self": 1.3505115999998587
                                        }
                                    }
                                },
                                "workers": {
                                    "total": 0.015265700000007598,
                                    "count": 1146,
                                    "self": 0.0,
                                    "children": {
                                        "worker_root": {
                                            "total": 80.59593730000013,
                                            "count": 1146,
                                            "is_parallel": true,