{
    "name": "root",
    "metadata": {
        "timer_format_version": "0.1.0",
        "start_time_seconds": "1692908342",
        "python_version": "3.7.16 (default, Jan 17 2023, 16:06:28) [MSC v.1916 64 bit (AMD64)]",
        "command_line_arguments": "C:\\Users\\dhh3hb\\Anaconda3\\envs\\ml-agents-108\\Scripts\\mlagents-learn config/RobotReacher.yaml --run-id=Lite6_Imitation_12",
        "mlagents_version": "0.17.0",
        "mlagents_envs_version": "0.17.0",
        "communication_protocol_version": "1.0.0",
        "tensorflow_version": "2.11.0",
        "end_time_seconds": "1692908360"
    },
    "total": 18.770013300000002,
    "count": 1,
    "self": 0.2778847000000013,
    "children": {
        "run_training.setup": {
            "total": 0.012006400000000195,
            "count": 1,
            "self": 0.012006400000000195
        },
        "TrainerController.start_learning": {
            "total": 18.4801222,
            "count": 1,
            "self": 0.5298253000000024,
            "children": {
                "TrainerController._reset_env": {
                    "total": 17.9499414,
                    "count": 1,
                    "self": 17.9499414
                },
                "demo_to_buffer": {
                    "total": 0.0001031999999980826,
                    "count": 1,
                    "self": 9.999999999621423e-06,
                    "children": {
                        "load_demonstration": {
                            "total": 9.319999999846118e-05,
                            "count": 1,
                            "self": 9.319999999846118e-05
                        }
                    }
                },
                "TrainerController._save_model": {
                    "total": 0.00025229999999965,
                    "count": 1,
                    "self": 0.00025229999999965
                }
            }
        }
    }
}