{
    "name": "root",
    "metadata": {
        "timer_format_version": "0.1.0",
        "start_time_seconds": "1693531018",
        "python_version": "3.7.16 (default, Jan 17 2023, 16:06:28) [MSC v.1916 64 bit (AMD64)]",
        "command_line_arguments": "C:\\Users\\dhh3hb\\Anaconda3\\envs\\ml-agents-108\\Scripts\\mlagents-learn D:\\GitHub\\SampleMLAgents\\config\\VisualHallwayFire.yaml --run-id VisualHallwayFire_03",
        "mlagents_version": "0.17.0",
        "mlagents_envs_version": "0.17.0",
        "communication_protocol_version": "1.0.0",
        "tensorflow_version": "2.11.0",
        "end_time_seconds": "1693531085"
    },
    "total": 66.725887,
    "count": 1,
    "self": 0.00466229999999257,
    "children": {
        "run_training.setup": {
            "total": 0.012128000000000139,
            "count": 1,
            "self": 0.012128000000000139
        },
        "TrainerController.start_learning": {
            "total": 66.7090967,
            "count": 1,
            "self": 2.9236528000000064,
            "children": {
                "TrainerController._reset_env": {
                    "total": 41.4028761,
                    "count": 1,
                    "self": 41.4028761
                },
                "demo_to_buffer": {
                    "total": 3.6355898000000053,
                    "count": 2,
                    "self": 0.005275499999996214,
                    "children": {
                        "load_demonstration": {
                            "total": 0.03561320000000734,
                            "count": 2,
                            "self": 0.02885460000000961,
                            "children": {
                                "read_file": {
                                    "total": 0.0067585999999977275,
                                    "count": 2,
                                    "self": 0.0067585999999977275
                                }
                            }
                        },
                        "make_demo_buffer": {
                            "total": 3.5947011000000018,
                            "count": 2,
                            "self": 0.3981799999999467,
                            "children": {
                                "steps_from_proto": {
                                    "total": 3.196521100000055,
                                    "count": 5964,
                                    "self": 0.744972300000299,
                                    "children": {
                                        "_process_visual_observation": {
                                            "total": 2.451548799999756,
                                            "count": 11928,
                                            "self": 0.11766439999962586,
                                            "children": {
                                                "observation_to_np_array": {
                                                    "total": 2.33388440000013,
                                                    "count": 5964,
                                                    "self": 0.09794420000029191,
                                                    "children": {
                                                        "process_pixels": {
                                                            "total": 2.2359401999998383,
                                                            "count": 5964,
                                                            "self": 0.4280211000001657,
                                                            "children": {
                                                                "image_decompress": {
                                                                    "total": 1.8079190999996726,
                                                                    "count": 5964,
                                                                    "self": 1.8079190999996726
                                                                }
                                                            }
                                                        }
                                                    }
                                                }
                                            }
                                        }
                                    }
                                }
                            }
                        }
                    }
                },
                "TrainerController.advance": {
                    "total": 18.361175699999983,
                    "count": 495,
                    "self": 0.007885000000023012,
                    "children": {
                        "env_step": {
                            "total": 18.35329069999996,
                            "count": 495,
                            "self": 15.138273199999901,
                            "children": {
                                "SubprocessEnvManager._take_step": {
                                    "total": 3.2045159999999626,
                                    "count": 495,
                                    "self": 0.022748399999869662,
                                    "children": {
                                        "NNPolicy.evaluate": {
                                            "total": 3.181767600000093,
                                            "count": 495,
                                            "self": 3.181767600000093
                                        }
                                    }
                                },
                                "workers": {
                                    "total": 0.010501500000096087,
                                    "count": 494,
                                    "self": 0.0,
                                    "children": {
                                        "worker_root": {
                                            "total": 24.37712450000008,
                                            "count": 494,
                                            "is_parallel": true,
                                            "self": 10.546251300000137,
                                            "children": {
                                                "steps_from_proto": {
                                                    "total": 0.015580599999999833,
                                                    "count": 1,
                                                    "is_parallel": true,
                                                    "self": 0.00033810000000755736,
                                                    "children": {
                                                        "_process_visual_observation": {
                                                            "total": 0.015242499999992276,
                                                            "count": 2,
                                                            "is_parallel": true,
                                                            "self": 0.0003012999999967292,
                                                            "children": {
                                                                "observation_to_np_array": {
                                                                    "total": 0.014941199999995547,
                                                                    "count": 8,
                                                                    "is_parallel": true,
                                                                    "self": 0.0001884000000060837,
                                                                    "children": {
                                                                        "process_pixels": {
                                                                            "total": 0.014752799999989463,