{"count":1,"self":36.9832416,"total":37.421741499999996,"children":{"AgentSendState":{"count":1641,"self":0.0247975,"total":0.0406326,"children":{"CollectObservations":{"count":3948,"self":0.012503799999999999,"total":0.012503799999999999,"children":null},"CollectDiscreteActionMasks":{"count":3948,"self":0.0033312999999999997,"total":0.0033312999999999997,"children":null}}},"DecideAction":{"count":1641,"self":0.31279609999999997,"total":0.31279609999999997,"children":null},"AgentAct":{"count":1641,"self":0.08507229999999999,"total":0.08507229999999999,"children":null}},"gauges":{"3DBall.CumulativeReward":{"count":11,"max":29.40008,"min":2.59999871,"runningAverage":10.5727425,"value":29.40008,"weightedAverage":15.858407}},"metadata":{"timer_format_version":"0.1.0","start_time_seconds":"1685317247","unity_version":"2020.3.13f1","command_line_arguments":"C:\\Program Files\\Unity\\Hub\\Editor\\2020.3.13f1\\Editor\\Unity.exe -projectpath D:\\GitHub\\SampleMLAgents -useHub -hubIPC -cloudEnvironment production -licensingIpc LicenseClient-dhh3hb -hubSessionId e84d9b00-f8e6-11ed-8066-81babaae20b5 -accessToken vPGTSl5ocvLcMcfGrs_jrJfHAUIsf8vRR7uiWJqBedk002f","communication_protocol_version":"1.0.0","com.unity.ml-agents_version":"1.0.8","scene_name":"3DBall","end_time_seconds":"1685317284"}}