{"count":1,"self":1844.0503296,"total":4339.2859565,"children":{"AgentSendState":{"count":1320417,"self":31.476671999999997,"total":926.7792072,"children":{"CollectObservations":{"count":5281680,"self":19.4358512,"total":19.4358511,"children":null},"CollectDiscreteActionMasks":{"count":5281680,"self":3.387292,"total":3.387292,"children":null},"AgentInfo.ToProto":{"count":5281680,"self":16.9273888,"total":872.47939209999993,"children":{"GenerateSensorData":{"count":5281680,"self":855.55199999999991,"total":855.5520028,"children":null}}}}},"DecideAction":{"count":1320417,"self":1483.0802944,"total":1483.0802984,"children":null},"AgentAct":{"count":1320417,"self":84.26318719999999,"total":85.374215499999991,"children":{"AgentInfo.ToProto":{"count":6600,"self":0.0252543,"total":1.1110299,"children":{"GenerateSensorData":{"count":6600,"self":1.0857755999999998,"total":1.0857755999999998,"children":null}}}}}},"gauges":{"RobotReacher.CumulativeReward":{"count":6600,"max":279.875366,"min":0,"runningAverage":147.046616,"value":279.3153,"weightedAverage":276.2589}},"metadata":{"timer_format_version":"0.1.0","start_time_seconds":"1686772516","unity_version":"2020.3.13f1","command_line_arguments":"C:\\Program Files\\Unity\\Hub\\Editor\\2020.3.13f1\\Editor\\Unity.exe -projectpath D:\\GitHub\\SampleMLAgents -useHub -hubIPC -cloudEnvironment production -licensingIpc LicenseClient-dhh3hb -hubSessionId 95e29570-ff29-11ed-b572-d7e5b9d6a919 -accessToken _YuVd-9EzTS9e3jRvHp5hNJRXdV_HpfI0XVZHDbVsAA002f","communication_protocol_version":"1.0.0","com.unity.ml-agents_version":"1.0.8","scene_name":"Lite 6 - Training","end_time_seconds":"1686776855"}}