{"count":1,"self":3725.6712192,"total":6529.0427082,"children":{"AgentSendState":{"count":2540801,"self":27.032550399999998,"total":397.4149167,"children":{"CollectObservations":{"count":4234670,"self":148.2782976,"total":148.2782985,"children":null},"CollectDiscreteActionMasks":{"count":4234670,"self":2.7930508,"total":2.7930508,"children":null},"AgentInfo.ToProto":{"count":4234670,"self":8.716596,"total":219.3110183,"children":{"GenerateSensorData":{"count":4234670,"self":79.6384384,"total":210.5944226,"children":{"RayPerceptionSensor.Perceive":{"count":4234670,"self":130.9559808,"total":130.95598479999998,"children":null}}}}}}},"DecideAction":{"count":2540801,"self":2374.5923072,"total":2374.5924027,"children":null},"AgentAct":{"count":2540801,"self":29.6343936,"total":29.6453547,"children":{"AgentInfo.ToProto":{"count":218,"self":0.00099739999999999985,"total":0.010961799999999999,"children":{"GenerateSensorData":{"count":218,"self":0.0039784,"total":0.0099644,"children":{"RayPerceptionSensor.Perceive":{"count":218,"self":0.005986,"total":0.005986,"children":null}}}}}}},"AgentInfo.ToProto":{"count":24219,"self":0.1366287,"total":1.7177548999999999,"children":{"GenerateSensorData":{"count":24219,"self":0.48523079999999996,"total":1.5811262,"children":{"RayPerceptionSensor.Perceive":{"count":24219,"self":1.0958953999999999,"total":1.0958953999999999,"children":null}}}}}},"gauges":{"DynamicHallwayFireRL.CumulativeReward":{"count":24437,"max":20.1985474,"min":-48.0159874,"runningAverage":10.5286016,"value":14.4169264,"weightedAverage":11.2076168}},"metadata":{"timer_format_version":"0.1.0","start_time_seconds":"1694810168","unity_version":"2020.3.13f1","command_line_arguments":"C:\\Program Files\\Unity\\Hub\\Editor\\2020.3.13f1\\Editor\\Unity.exe -projectpath D:\\GitHub\\SampleMLAgents -useHub -hubIPC -cloudEnvironment production -licensingIpc LicenseClient-dhh3hb -hubSessionId c2f57560-5405-11ee-8f18-c9a039b76c4c -accessToken 8uv34DivWUg7BmIU9TfignWGkp73GKVma3e-KTKvKOo002f","communication_protocol_version":"1.0.0","com.unity.ml-agents_version":"1.0.8","scene_name":"Regular IL - Train Single Model","end_time_seconds":"1694816697"}}