{"count":1,"self":1097.9552256,"total":3178.5427067,"children":{"AgentSendState":{"count":964201,"self":10.025475199999999,"total":131.3185244,"children":{"CollectObservations":{"count":1285608,"self":49.541616,"total":49.5416148,"children":null},"CollectDiscreteActionMasks":{"count":1285608,"self":0.9484794,"total":0.9484794,"children":null},"AgentInfo.ToProto":{"count":1285608,"self":3.2805044,"total":70.8029553,"children":{"GenerateSensorData":{"count":1285608,"self":21.366684799999998,"total":67.5224508,"children":{"RayPerceptionSensor.Perceive":{"count":1285608,"self":46.1557664,"total":46.155766799999995,"children":null}}}}}}},"DecideAction":{"count":964201,"self":1936.6438911999999,"total":1936.6438727,"children":null},"AgentAct":{"count":964201,"self":11.672716,"total":11.679698499999999,"children":{"AgentInfo.ToProto":{"count":153,"self":0,"total":0.0069825999999999994,"children":{"GenerateSensorData":{"count":153,"self":0.0029933,"total":0.0069825999999999994,"children":{"RayPerceptionSensor.Perceive":{"count":153,"self":0.0039892999999999994,"total":0.0039892999999999994,"children":null}}}}}}},"AgentInfo.ToProto":{"count":11274,"self":0.10472719999999999,"total":0.9443581,"children":{"GenerateSensorData":{"count":11274,"self":0.2563686,"total":0.8396309,"children":{"RayPerceptionSensor.Perceive":{"count":11274,"self":0.5832623,"total":0.5832623,"children":null}}}}}},"gauges":{"TwoRoomFire.CumulativeReward":{"count":8492,"max":12.0372028,"min":-12.2261963,"runningAverage":5.57769966,"value":0.0034,"weightedAverage":4.8383007},"ThreeRoomFire.CumulativeReward":{"count":2935,"max":14.0496006,"min":-7.79991961,"runningAverage":5.72086334,"value":7.50361252,"weightedAverage":6.091158}},"metadata":{"timer_format_version":"0.1.0","start_time_seconds":"1694655220","unity_version":"2020.3.13f1","command_line_arguments":"C:\\Program Files\\Unity\\Hub\\Editor\\2020.3.13f1\\Editor\\Unity.exe -projectpath D:\\GitHub\\SampleMLAgents -useHub -hubIPC -cloudEnvironment production -licensingIpc LicenseClient-dhh3hb -hubSessionId 454eefa0-4862-11ee-9bfd-59f6fe09546a","communication_protocol_version":"1.0.0","com.unity.ml-agents_version":"1.0.8","scene_name":"Regular IL - Train","end_time_seconds":"1694658398"}}