{"count":1,"self":4708.1959424,"total":13578.460396999999,"children":{"AgentSendState":{"count":1121617,"self":25.230255999999997,"total":355.51520969999996,"children":{"CollectObservations":{"count":4112614,"self":113.70508799999999,"total":113.7050871,"children":null},"CollectDiscreteActionMasks":{"count":4112614,"self":2.9332803999999997,"total":2.9332805,"children":null},"AgentInfo.ToProto":{"count":4112614,"self":8.7441832,"total":213.64658609999998,"children":{"GenerateSensorData":{"count":4112614,"self":76.3649792,"total":204.9024029,"children":{"RayPerceptionSensor.Perceive":{"count":4112614,"self":128.5374208,"total":128.53742549999998,"children":null}}}}}}},"DecideAction":{"count":1121617,"self":8459.637555199999,"total":8459.6379056,"children":null},"AgentAct":{"count":1121617,"self":53.425065599999996,"total":53.7108144,"children":{"AgentInfo.ToProto":{"count":4025,"self":0.0318929,"total":0.28574849999999996,"children":{"GenerateSensorData":{"count":4025,"self":0.10572419999999999,"total":0.2538556,"children":{"RayPerceptionSensor.Perceive":{"count":4025,"self":0.1481314,"total":0.1481314,"children":null}}}}}}},"AgentInfo.ToProto":{"count":16010,"self":0.1356181,"total":1.3995186,"children":{"GenerateSensorData":{"count":16010,"self":0.39502709999999996,"total":1.2639004999999999,"children":{"RayPerceptionSensor.Perceive":{"count":16010,"self":0.86887339999999991,"total":0.86887339999999991,"children":null}}}}}},"gauges":{"FiveRoomFire.CumulativeReward":{"count":2847,"max":14.1400356,"min":-6.95002,"runningAverage":4.10730934,"value":5.800055,"weightedAverage":6.03688669},"FourRoomFire.CumulativeReward":{"count":2238,"max":3.28006053,"min":-8.26007,"runningAverage":1.06175423,"value":1.29006529,"weightedAverage":1.18485463},"ThreeRoomFire.CumulativeReward":{"count":6088,"max":19.292263,"min":-34.1284866,"runningAverage":8.04117,"value":5.34360647,"weightedAverage":5.78164864},"TwoRoomFire.CumulativeReward":{"count":8862,"max":20.4146824,"min":-47.3262024,"runningAverage":7.28444242,"value":8.887194,"weightedAverage":5.79256153}},"metadata":{"timer_format_version":"0.1.0","start_time_seconds":"1694739293","unity_version":"2020.3.13f1","command_line_arguments":"C:\\Program Files\\Unity\\Hub\\Editor\\2020.3.13f1\\Editor\\Unity.exe -projectpath D:\\GitHub\\SampleMLAgents -useHub -hubIPC -cloudEnvironment production -licensingIpc LicenseClient-dhh3hb -hubSessionId 96580a50-532d-11ee-a4ba-dff4e18d804a -accessToken gguBCbUm62_ZVn3OZFZnizbCsNE8WJKnG6KSpkX6WTM002f","communication_protocol_version":"1.0.0","com.unity.ml-agents_version":"1.0.8","scene_name":"Regular IL - Train","end_time_seconds":"1694752871"}}