{"count":1,"self":8638.5926144,"total":13735.1934876,"children":{"AgentSendState":{"count":4801117,"self":45.76848,"total":573.60247129999993,"children":{"CollectObservations":{"count":8001870,"self":117.77290239999999,"total":117.7728982,"children":null},"CollectDiscreteActionMasks":{"count":8001870,"self":4.9799372,"total":4.9799373,"children":null},"AgentInfo.ToProto":{"count":8001870,"self":15.667112,"total":405.0811548,"children":{"GenerateSensorData":{"count":8001870,"self":145.2570112,"total":389.4140435,"children":{"RayPerceptionSensor.Perceive":{"count":8001870,"self":244.1570304,"total":244.1570361,"children":null}}}}}}},"DecideAction":{"count":4801117,"self":4463.828992,"total":4463.8289651999994,"children":null},"AgentAct":{"count":4801117,"self":53.516163199999994,"total":53.5510741,"children":{"AgentInfo.ToProto":{"count":446,"self":0.0049851999999999995,"total":0.0349115,"children":{"GenerateSensorData":{"count":446,"self":0.014954199999999999,"total":0.0299263,"children":{"RayPerceptionSensor.Perceive":{"count":446,"self":0.014972099999999999,"total":0.014972099999999999,"children":null}}}}}}},"AgentInfo.ToProto":{"count":83206,"self":0.4293845,"total":5.6171432,"children":{"GenerateSensorData":{"count":83206,"self":1.6497662,"total":5.1877587,"children":{"RayPerceptionSensor.Perceive":{"count":83206,"self":3.5379924,"total":3.5379924999999997,"children":null}}}}}},"gauges":{"DynamicHallwayFireRL.CumulativeReward":{"count":83652,"max":9.362744,"min":-42.32783,"runningAverage":3.16822457,"value":3.56119633,"weightedAverage":3.13426256}},"metadata":{"timer_format_version":"0.1.0","start_time_seconds":"1694825222","unity_version":"2020.3.13f1","command_line_arguments":"C:\\Program Files\\Unity\\Hub\\Editor\\2020.3.13f1\\Editor\\Unity.exe -projectpath D:\\GitHub\\SampleMLAgents -useHub -hubIPC -cloudEnvironment production -licensingIpc LicenseClient-dhh3hb -hubSessionId c2f57560-5405-11ee-8f18-c9a039b76c4c -accessToken 8uv34DivWUg7BmIU9TfignWGkp73GKVma3e-KTKvKOo002f","communication_protocol_version":"1.0.0","com.unity.ml-agents_version":"1.0.8","scene_name":"Regular IL - Train Single Model","end_time_seconds":"1694838957"}}