{"count":1,"self":2761.1623424,"total":14476.5600652,"children":{"AgentSendState":{"count":2723701,"self":26.4283936,"total":203.5502598,"children":{"CollectObservations":{"count":3631608,"self":71.7036864,"total":71.7036858,"children":null},"CollectDiscreteActionMasks":{"count":3631608,"self":2.3642504,"total":2.3642504,"children":null},"AgentInfo.ToProto":{"count":3631608,"self":8.256532,"total":103.0539302,"children":{"GenerateSensorData":{"count":3631608,"self":31.975078399999997,"total":94.7973983,"children":{"RayPerceptionSensor.Perceive":{"count":3631608,"self":62.822316799999996,"total":62.822319699999994,"children":null}}}}}}},"DecideAction":{"count":2723701,"self":11470.176255999999,"total":11470.176639199999,"children":null},"AgentAct":{"count":2723701,"self":41.082588799999996,"total":41.2104712,"children":{"AgentInfo.ToProto":{"count":2684,"self":0.0162071,"total":0.12788249999999998,"children":{"GenerateSensorData":{"count":2684,"self":0.0370801,"total":0.1116754,"children":{"RayPerceptionSensor.Perceive":{"count":2684,"self":0.0745953,"total":0.0745953,"children":null}}}}}}},"AgentInfo.ToProto":{"count":9592,"self":0.0879022,"total":0.45833019999999997,"children":{"GenerateSensorData":{"count":9592,"self":0.14185409999999998,"total":0.370428,"children":{"RayPerceptionSensor.Perceive":{"count":9592,"self":0.2285739,"total":0.2285739,"children":null}}}}}},"gauges":{"DynamicHallwayFireWithCuriosity.CumulativeReward":{"count":12276,"max":54.8809242,"min":-242.733887,"runningAverage":18.6717854,"value":17.3021679,"weightedAverage":23.8861542}},"metadata":{"timer_format_version":"0.1.0","start_time_seconds":"1694540525","unity_version":"2020.3.13f1","command_line_arguments":"C:\\Program Files\\Unity\\Hub\\Editor\\2020.3.13f1\\Editor\\Unity.exe -projectpath D:\\GitHub\\SampleMLAgents -useHub -hubIPC -cloudEnvironment production -licensingIpc LicenseClient-dhh3hb -hubSessionId fd5d9200-3f9c-11ee-9426-3764fcc7db32 -accessToken N7_gu7gaVVMlkOV4gJEWS9isuyFkbkchHcStkgv1G48002f","communication_protocol_version":"1.0.0","com.unity.ml-agents_version":"1.0.8","scene_name":"Regular IL - Train","end_time_seconds":"1694555001"}}