{"count":1,"self":3782.5179648,"total":13270.169901,"children":{"AgentSendState":{"count":1759417,"self":25.1403856,"total":310.0031748,"children":{"CollectObservations":{"count":3518844,"self":87.8179904,"total":87.8179912,"children":null},"CollectDiscreteActionMasks":{"count":3518844,"self":2.5862604,"total":2.5862605,"children":null},"AgentInfo.ToProto":{"count":3518844,"self":8.2561464,"total":194.4585381,"children":{"GenerateSensorData":{"count":3518844,"self":69.859776,"total":186.20239139999998,"children":{"RayPerceptionSensor.Perceive":{"count":3518844,"self":116.3426176,"total":116.3426137,"children":null}}}}}}},"DecideAction":{"count":1759417,"self":9119.5768832,"total":9119.5768735,"children":null},"AgentAct":{"count":1759417,"self":57.199948799999994,"total":57.5635111,"children":{"AgentInfo.ToProto":{"count":4572,"self":0.021948799999999997,"total":0.3635613,"children":{"GenerateSensorData":{"count":4572,"self":0.11723439999999999,"total":0.3416125,"children":{"RayPerceptionSensor.Perceive":{"count":4572,"self":0.2243781,"total":0.2243781,"children":null}}}}}}},"AgentInfo.ToProto":{"count":5865,"self":0.061830699999999995,"total":0.5071765,"children":{"GenerateSensorData":{"count":5865,"self":0.1376558,"total":0.44534579999999996,"children":{"RayPerceptionSensor.Perceive":{"count":5865,"self":0.30768999999999996,"total":0.30768999999999996,"children":null}}}}}},"gauges":{"FiveRoomFire.CumulativeReward":{"count":3549,"max":16.03523,"min":-11.2703409,"runningAverage":2.52911854,"value":1.74006343,"weightedAverage":1.61225486},"FourRoomFire.CumulativeReward":{"count":6888,"max":20.9524841,"min":-27.0113258,"runningAverage":7.721494,"value":9.704993,"weightedAverage":9.707176}},"metadata":{"timer_format_version":"0.1.0","start_time_seconds":"1694721474","unity_version":"2020.3.13f1","command_line_arguments":"C:\\Program Files\\Unity\\Hub\\Editor\\2020.3.13f1\\Editor\\Unity.exe -projectpath D:\\GitHub\\SampleMLAgents -useHub -hubIPC -cloudEnvironment production -licensingIpc LicenseClient-dhh3hb -hubSessionId 96580a50-532d-11ee-a4ba-dff4e18d804a -accessToken gguBCbUm62_ZVn3OZFZnizbCsNE8WJKnG6KSpkX6WTM002f","communication_protocol_version":"1.0.0","com.unity.ml-agents_version":"1.0.8","scene_name":"Regular IL - Train","end_time_seconds":"1694734744"}}