{"count":1,"self":2122.8414976,"total":6406.6039492,"children":{"AgentSendState":{"count":1176717,"self":15.132923199999999,"total":2268.903585,"children":{"CollectObservations":{"count":1176720,"self":1.0067215999999999,"total":1.0067215999999999,"children":null},"CollectDiscreteActionMasks":{"count":1176720,"self":0.9774651,"total":0.9774651,"children":null},"AgentInfo.ToProto":{"count":1176720,"self":5.7533264,"total":2251.7864747999997,"children":{"GenerateSensorData":{"count":1176720,"self":18.7994256,"total":2246.0331484999997,"children":{"CameraSensor.GetCompressedObservation":{"count":1176720,"self":2227.233792,"total":2227.2337228,"children":null}}}}}}},"DecideAction":{"count":1176717,"self":1994.0702208,"total":1994.0702027999998,"children":null},"AgentAct":{"count":1176717,"self":13.9325104,"total":15.8613349,"children":{"AgentInfo.ToProto":{"count":882,"self":0.0029917999999999998,"total":1.9288241,"children":{"GenerateSensorData":{"count":882,"self":0.013958199999999999,"total":1.9258323,"children":{"CameraSensor.GetCompressedObservation":{"count":882,"self":1.9118739999999999,"total":1.9118741,"children":null}}}}}}},"AgentInfo.ToProto":{"count":2312,"self":0.0189411,"total":4.9262464,"children":{"GenerateSensorData":{"count":2312,"self":0.1151876,"total":4.9073053,"children":{"CameraSensor.GetCompressedObservation":{"count":2312,"self":4.7921176,"total":4.7921176999999995,"children":null}}}}}},"gauges":{"DynamicHallwayFireRL.CumulativeReward":{"count":3194,"max":33.02288,"min":-0.99994123,"runningAverage":6.01123476,"value":14.4200344,"weightedAverage":8.935074}},"metadata":{"timer_format_version":"0.1.0","start_time_seconds":"1693979301","unity_version":"2020.3.13f1","command_line_arguments":"C:\\Program Files\\Unity\\Hub\\Editor\\2020.3.13f1\\Editor\\Unity.exe -projectpath D:\\GitHub\\SampleMLAgents -useHub -hubIPC -cloudEnvironment production -licensingIpc LicenseClient-dhh3hb -hubSessionId 454eefa0-4862-11ee-9bfd-59f6fe09546a","communication_protocol_version":"1.0.0","com.unity.ml-agents_version":"1.0.8","scene_name":"RL Training - Modern Room","end_time_seconds":"1693985708"}}