{"count":1,"self":1424.8654847999999,"total":5466.0791334999994,"children":{"AgentSendState":{"count":1922917,"self":19.1139088,"total":217.430794,"children":{"CollectObservations":{"count":2563896,"self":46.124985599999995,"total":46.1249865,"children":null},"CollectDiscreteActionMasks":{"count":2563896,"self":1.6857512,"total":1.6857512,"children":null},"AgentInfo.ToProto":{"count":2563896,"self":6.0670312,"total":150.50614769999999,"children":{"GenerateSensorData":{"count":2563896,"self":58.1314304,"total":144.4391167,"children":{"RayPerceptionSensor.Perceive":{"count":2563896,"self":86.307679999999991,"total":86.307683099999991,"children":null}}}}}}},"DecideAction":{"count":1922917,"self":3753.9729408,"total":3753.9730158999996,"children":null},"AgentAct":{"count":1922917,"self":69.3927552,"total":69.8074209,"children":{"AgentInfo.ToProto":{"count":5117,"self":0.0334184,"total":0.41466719999999996,"children":{"GenerateSensorData":{"count":5117,"self":0.15358929999999998,"total":0.3812488,"children":{"RayPerceptionSensor.Perceive":{"count":5117,"self":0.2276595,"total":0.2276595,"children":null}}}}}}},"AgentInfo.ToProto":{"count":14,"self":0.0004215,"total":0.0014188999999999998,"children":{"GenerateSensorData":{"count":14,"self":0.00099739999999999985,"total":0.00099739999999999985,"children":{"RayPerceptionSensor.Perceive":{"count":14,"self":0,"total":0,"children":null}}}}}},"gauges":{"DynamicHallwayFireCollabIL.CumulativeReward":{"count":5131,"max":12.9520054,"min":-27.0309811,"runningAverage":-0.8679721,"value":-0.899971843,"weightedAverage":-0.8170859}},"metadata":{"timer_format_version":"0.1.0","start_time_seconds":"1695333678","unity_version":"2020.3.13f1","command_line_arguments":"C:\\Program Files\\Unity\\Hub\\Editor\\2020.3.13f1\\Editor\\Unity.exe -projectpath D:\\GitHub\\SampleMLAgents -useHub -hubIPC -cloudEnvironment production -licensingIpc LicenseClient-dhh3hb -hubSessionId 09440620-58b2-11ee-8d06-436f757a8d36 -accessToken UH7HmaHPRAu25C5Fg4dUy7-Qi_IlKDOJLdQMndK_6rA002f","communication_protocol_version":"1.0.0","com.unity.ml-agents_version":"1.0.8","scene_name":"Train - Collab IL","end_time_seconds":"1695339144"}}