{"count":1,"self":8538.2004736,"total":10904.6880744,"children":{"AgentSendState":{"count":2394367,"self":19.740175999999998,"total":231.7435528,"children":{"CollectObservations":{"count":3192496,"self":48.3214816,"total":48.321482499999995,"children":null},"CollectDiscreteActionMasks":{"count":3192496,"self":2.0152905999999997,"total":2.0152905999999997,"children":null},"AgentInfo.ToProto":{"count":3192496,"self":6.4658716,"total":161.6666033,"children":{"GenerateSensorData":{"count":3192496,"self":58.6265344,"total":155.20073159999998,"children":{"RayPerceptionSensor.Perceive":{"count":3192496,"self":96.574195199999991,"total":96.574198,"children":null}}}}}}},"DecideAction":{"count":2394367,"self":2095.9053824,"total":2095.9053888,"children":null},"AgentAct":{"count":2394367,"self":36.806739199999996,"total":36.890392899999995,"children":{"AgentInfo.ToProto":{"count":1490,"self":0.0069812,"total":0.0836523,"children":{"GenerateSensorData":{"count":1490,"self":0.0214599,"total":0.076671099999999992,"children":{"RayPerceptionSensor.Perceive":{"count":1490,"self":0.055211199999999995,"total":0.055211199999999995,"children":null}}}}}}},"AgentInfo.ToProto":{"count":31928,"self":0.16402329999999998,"total":1.9472011,"children":{"GenerateSensorData":{"count":31928,"self":0.7178707,"total":1.7831777999999998,"children":{"RayPerceptionSensor.Perceive":{"count":31928,"self":1.0653071,"total":1.0653071,"children":null}}}}}},"gauges":{"DynamicHallwayFireRL.CumulativeReward":{"count":33418,"max":16.7200432,"min":-30.7211132,"runningAverage":6.347464,"value":0.004333332,"weightedAverage":5.26247454}},"metadata":{"timer_format_version":"0.1.0","start_time_seconds":"1695257186","unity_version":"2020.3.13f1","command_line_arguments":"C:\\Program Files\\Unity\\Hub\\Editor\\2020.3.13f1\\Editor\\Unity.exe -projectpath D:\\GitHub\\SampleMLAgents -useHub -hubIPC -cloudEnvironment production -licensingIpc LicenseClient-dhh3hb -hubSessionId 656b3ae0-57fe-11ee-baff-1b1af888dfb3","communication_protocol_version":"1.0.0","com.unity.ml-agents_version":"1.0.8","scene_name":"Train - Collab RL","end_time_seconds":"1695268091"}}