{"count":1,"self":4931.7044224,"total":6661.43247,"children":{"AgentSendState":{"count":1700317,"self":14.913718399999999,"total":168.72727369999998,"children":{"CollectObservations":{"count":2267096,"self":36.7310112,"total":36.731011599999995,"children":null},"CollectDiscreteActionMasks":{"count":2267096,"self":1.3955073,"total":1.3955073,"children":null},"AgentInfo.ToProto":{"count":2267096,"self":4.921904,"total":115.6870371,"children":{"GenerateSensorData":{"count":2267096,"self":38.8581632,"total":110.76513299999999,"children":{"RayPerceptionSensor.Perceive":{"count":2267096,"self":71.9069696,"total":71.9069691,"children":null}}}}}}},"DecideAction":{"count":1700317,"self":1535.9818751999999,"total":1535.9818719999998,"children":null},"AgentAct":{"count":1700317,"self":23.6471408,"total":23.7039698,"children":{"AgentInfo.ToProto":{"count":850,"self":0.0029933,"total":0.0568288,"children":{"GenerateSensorData":{"count":850,"self":0.0279237,"total":0.053835499999999994,"children":{"RayPerceptionSensor.Perceive":{"count":850,"self":0.0259118,"total":0.0259118,"children":null}}}}}}},"AgentInfo.ToProto":{"count":16885,"self":0.1217163,"total":1.3138538,"children":{"GenerateSensorData":{"count":16885,"self":0.3771836,"total":1.1921374999999999,"children":{"RayPerceptionSensor.Perceive":{"count":16885,"self":0.8149539,"total":0.8149539,"children":null}}}}}},"gauges":{"DynamicHallwayFireRL.CumulativeReward":{"count":17735,"max":7.92834473,"min":-12.1909094,"runningAverage":2.97928739,"value":3.56867552,"weightedAverage":3.184653}},"metadata":{"timer_format_version":"0.1.0","start_time_seconds":"1695059080","unity_version":"2020.3.13f1","command_line_arguments":"C:\\Program Files\\Unity\\Hub\\Editor\\2020.3.13f1\\Editor\\Unity.exe -projectpath D:\\GitHub\\SampleMLAgents -useHub -hubIPC -cloudEnvironment production -licensingIpc LicenseClient-dhh3hb -hubSessionId 454eefa0-4862-11ee-9bfd-59f6fe09546a","communication_protocol_version":"1.0.0","com.unity.ml-agents_version":"1.0.8","scene_name":"Train-Single","end_time_seconds":"1695065742"}}