{"count":1,"self":5007.8519295999995,"total":9593.293139,"children":{"AgentSendState":{"count":4623567,"self":40.568057599999996,"total":440.8621722,"children":{"CollectObservations":{"count":6164760,"self":91.7526592,"total":91.752658,"children":null},"CollectDiscreteActionMasks":{"count":6164760,"self":3.8215399999999997,"total":3.8215402,"children":null},"AgentInfo.ToProto":{"count":6164760,"self":12.807934399999999,"total":304.7199155,"children":{"GenerateSensorData":{"count":6164760,"self":107.3314496,"total":291.9119812,"children":{"RayPerceptionSensor.Perceive":{"count":6164760,"self":184.5805312,"total":184.5805313,"children":null}}}}}}},"DecideAction":{"count":4623567,"self":4046.1205504,"total":4046.1206620999997,"children":null},"AgentAct":{"count":4623567,"self":97.215532799999991,"total":97.684313899999992,"children":{"AgentInfo.ToProto":{"count":7808,"self":0.0284524,"total":0.4687784,"children":{"GenerateSensorData":{"count":7808,"self":0.18152949999999998,"total":0.440326,"children":{"RayPerceptionSensor.Perceive":{"count":7808,"self":0.2587965,"total":0.2587965,"children":null}}}}}}},"AgentInfo.ToProto":{"count":9800,"self":0.0747584,"total":0.77314759999999993,"children":{"GenerateSensorData":{"count":9800,"self":0.22881939999999998,"total":0.69838919999999993,"children":{"RayPerceptionSensor.Perceive":{"count":9800,"self":0.4695698,"total":0.4695698,"children":null}}}}}},"gauges":{"DynamicHallwayFireRL.CumulativeReward":{"count":17608,"max":9.391756,"min":-22.9207268,"runningAverage":3.02267432,"value":4.88239765,"weightedAverage":2.94027352}},"metadata":{"timer_format_version":"0.1.0","start_time_seconds":"1695096086","unity_version":"2020.3.13f1","command_line_arguments":"C:\\Program Files\\Unity\\Hub\\Editor\\2020.3.13f1\\Editor\\Unity.exe -projectpath D:\\GitHub\\SampleMLAgents -useHub -hubIPC -cloudEnvironment production -licensingIpc LicenseClient-dhh3hb -hubSessionId 454eefa0-4862-11ee-9bfd-59f6fe09546a","communication_protocol_version":"1.0.0","com.unity.ml-agents_version":"1.0.8","scene_name":"Train-Single","end_time_seconds":"1695105679"}}