{"count":1,"self":10301.0459648,"total":25747.532610399998,"children":{"AgentSendState":{"count":15000468,"self":128.3555328,"total":1487.7321620999999,"children":{"CollectObservations":{"count":20000624,"self":313.47937279999996,"total":313.4793739,"children":null},"CollectDiscreteActionMasks":{"count":20000624,"self":12.9379568,"total":12.9379569,"children":null},"AgentInfo.ToProto":{"count":20000624,"self":41.769664,"total":1032.9592973,"children":{"GenerateSensorData":{"count":20000624,"self":336.1050368,"total":991.18963379999991,"children":{"RayPerceptionSensor.Perceive":{"count":20000624,"self":655.0845952,"total":655.0845955,"children":null}}}}}}},"DecideAction":{"count":15000468,"self":13733.164646399999,"total":13733.1650042,"children":null},"AgentAct":{"count":15000468,"self":218.67601919999998,"total":219.3463545,"children":{"AgentInfo.ToProto":{"count":10604,"self":0.0281223,"total":0.67032799999999992,"children":{"GenerateSensorData":{"count":10604,"self":0.2527446,"total":0.6422057,"children":{"RayPerceptionSensor.Perceive":{"count":10604,"self":0.3894611,"total":0.3894611,"children":null}}}}}}},"AgentInfo.ToProto":{"count":86702,"self":0.5376723,"total":6.2423722999999995,"children":{"GenerateSensorData":{"count":86702,"self":1.9879768,"total":5.7047,"children":{"RayPerceptionSensor.Perceive":{"count":86702,"self":3.7167231999999997,"total":3.7167231,"children":null}}}}}},"gauges":{"DynamicHallwayFire.CumulativeReward":{"count":97306,"max":7.273357,"min":-59.9045448,"runningAverage":-0.3825976,"value":-2.1556654,"weightedAverage":-1.30216718}},"metadata":{"timer_format_version":"0.1.0","start_time_seconds":"1695106199","unity_version":"2020.3.13f1","command_line_arguments":"C:\\Program Files\\Unity\\Hub\\Editor\\2020.3.13f1\\Editor\\Unity.exe -projectpath D:\\GitHub\\SampleMLAgents -useHub -hubIPC -cloudEnvironment production -licensingIpc LicenseClient-dhh3hb -hubSessionId 454eefa0-4862-11ee-9bfd-59f6fe09546a","communication_protocol_version":"1.0.0","com.unity.ml-agents_version":"1.0.8","scene_name":"Train-Single IL","end_time_seconds":"1695131947"}}