{
    "name": "root",
    "gauges": {
        "DynamicHallwayFireRL.Policy.Entropy.mean": {
            "value": 0.4124647080898285,
            "min": 0.2322465479373932,
            "max": 1.587072491645813,
            "count": 319
        },
        "DynamicHallwayFireRL.Policy.ExtrinsicValueEstimate.mean": {
            "value": 5.154099464416504,
            "min": -0.31873223185539246,
            "max": 5.213043689727783,
            "count": 319
        },
        "DynamicHallwayFireRL.Policy.CuriosityValueEstimate.mean": {
            "value": 0.843561053276062,
            "min": 0.2111348956823349,
            "max": 1.995826005935669,
            "count": 319
        },
        "DynamicHallwayFireRL.Losses.ValueLoss.mean": {
            "value": 1.0572322607040405,
            "min": 0.0033205575309693813,
            "max": 1.1827921867370605,
            "count": 319
        },
        "DynamicHallwayFireRL.Losses.PolicyLoss.mean": {
            "value": 0.09729039669036865,
            "min": 0.0880032554268837,
            "max": 0.11230024695396423,
            "count": 319
        },
        "DynamicHallwayFireRL.Policy.LearningRate.mean": {
            "value": 0.0001088764620362781,
            "min": 0.0001088764620362781,
            "max": 0.000299698585877195,
            "count": 319
        },
        "DynamicHallwayFireRL.Policy.Epsilon.mean": {
            "value": 0.13629212975502014,
            "min": 0.13629212975502014,
            "max": 0.19989952445030212,
            "count": 319
        },
        "DynamicHallwayFireRL.Policy.Beta.mean": {
            "value": 0.0036355836782604456,
            "min": 0.0036355836782604456,
            "max": 0.009989961981773376,
            "count": 319
        },
        "DynamicHallwayFireRL.Losses.CuriosityForwardLoss.mean": {
            "value": 0.04372051730751991,
            "min": 0.03483141213655472,
            "max": 0.09846659749746323,
            "count": 319
        },
        "DynamicHallwayFireRL.Losses.CuriosityInverseLoss.mean": {
            "value": 0.21605701744556427,
            "min": 0.1889544427394867,
            "max": 1.5824615955352783,
            "count": 319
        },
        "DynamicHallwayFireRL.Environment.EpisodeLength.mean": {
            "value": 55.92528735632184,
            "min": 51.196891191709845,
            "max": 499.0,
            "count": 319
        },
        "DynamicHallwayFireRL.Environment.CumulativeReward.mean": {
            "value": 6.726619568963845,
            "min": -2.3449998825090006,
            "max": 6.759715037416637,
            "count": 319
        },
        "DynamicHallwayFireRL.Policy.ExtrinsicReward.mean": {
            "value": 6.726619568963845,
            "min": -2.3449998825090006,
            "max": 6.759715037416637,
            "count": 319
        },
        "DynamicHallwayFireRL.Policy.CuriosityReward.mean": {
            "value": 0.5146414349750106,
            "min": 0.4851101567500627,
            "max": 10.804900231568709,
            "count": 319
        },
        "DynamicHallwayFireRL.IsTraining.mean": {
            "value": 1.0,
            "min": 1.0,
            "max": 1.0,
            "count": 319
        }
    },
    "metadata": {
        "timer_format_version": "0.1.0",
        "start_time_seconds": "1695257179",
        "python_version": "3.7.16 (default, Jan 17 2023, 16:06:28) [MSC v.1916 64 bit (AMD64)]",
        "command_line_arguments": "C:\\Users\\dhh3hb\\Anaconda3\\envs\\ml-agents-108\\Scripts\\mlagents-learn config/DynamicHallwayFireRL.yaml --run-id Collab_Agent_01",
        "mlagents_version": "0.17.0",
        "mlagents_envs_version": "0.17.0",
        "communication_protocol_version": "1.0.0",
        "tensorflow_version": "2.11.0",
        "end_time_seconds": "1695268091"
    },
    "total": 10911.8406378,
    "count": 1,
    "self": 0.00577520000115328,
    "children": {
        "run_training.setup": {
            "total": 0.012174499999999977,
            "count": 1,
            "self": 0.012174499999999977
        },
        "TrainerController.start_learning": {
            "total": 10911.8226881,
            "count": 1,
            "self": 139.3090615999954,
            "children": {
                "TrainerController._reset_env": {
                    "total": 7.1643756000000005,
                    "count": 1,
                    "self": 7.1643756000000005
                },
                "TrainerController.advance": {
                    "total": 10765.144161600005,
                    "count": 424992,
                    "self": 4.839043399722868,
                    "children": {
                        "env_step": {
                            "total": 10760.305118200282,
                            "count": 424992,
                            "self": 10334.544364500363,
                            "children": {
                                "SubprocessEnvManager._take_step": {
                                    "total": 420.2486928999764,
                                    "count": 424992,
                                    "self": 13.659849599617417,
                                    "children": {
                                        "NNPolicy.evaluate": {
                                            "total": 406.588843300359,
                                            "count": 399059,
                                            "self": 406.588843300359
                                        }
                                    }
                                },
                                "workers": {
                                    "total": 5.512060799942894,
                                    "count": 424991,
                                    "self": 0.0,
                                    "children": {
                                        "worker_root": {
                                            "total": 10893.813184999899,
                                            "count": 424991,
                                            "is_parallel": true,
                                            "self": 1156.8004020001645,
                                            "children": {
                                                "steps_from_proto": {
                                                    "total": 0.0008119999999998129,
                                                    "count": 1,
                                                    "is_parallel": true,
                                                    "self": 0.00024739999999923157,
                                                    "children": {
                                                        "_process_vector_observation": {
                                                            "total": 0.0005646000000005813,
                                                            "count": 4,
                                                            "is_parallel": true,
                                                            "self": 0.0005646000000005813
                                                        }
                                                    }
                                                },
                                                "UnityEnvironment.step": {
                                                    "total": 9737.011970999734,
                                                    "count": 424991,
                                                    "is_parallel": true,
                                                    "self": 70.26602629973058,
                                                    "children": {
                                                        "UnityEnvironment._generate_step_input": {
                                                            "total": 39.56667989989393,
                                                            "count": 424991,