{
    "name": "root",
    "gauges": {
        "DynamicHallwayFireRL.Policy.Entropy.mean": {
            "value": 1.294276475906372,
            "min": 1.294276475906372,
            "max": 1.582389235496521,
            "count": 4
        },
        "DynamicHallwayFireRL.Policy.ExtrinsicValueEstimate.mean": {
            "value": -0.24779736995697021,
            "min": -0.30194953083992004,
            "max": -0.23609982430934906,
            "count": 4
        },
        "DynamicHallwayFireRL.Policy.CuriosityValueEstimate.mean": {
            "value": 1.7554924488067627,
            "min": 0.21207666397094727,
            "max": 1.7554924488067627,
            "count": 4
        },
        "DynamicHallwayFireRL.Losses.ValueLoss.mean": {
            "value": 0.007381330244243145,
            "min": 0.007381330244243145,
            "max": 0.03624255955219269,
            "count": 4
        },
        "DynamicHallwayFireRL.Losses.PolicyLoss.mean": {
            "value": 0.0953022763133049,
            "min": 0.0953022763133049,
            "max": 0.10262968391180038,
            "count": 4
        },
        "DynamicHallwayFireRL.Policy.LearningRate.mean": {
            "value": 0.0002979582641273737,
            "min": 0.0002979582641273737,
            "max": 0.000299698585877195,
            "count": 4
        },
        "DynamicHallwayFireRL.Policy.Epsilon.mean": {
            "value": 0.19931940734386444,
            "min": 0.19931940734386444,
            "max": 0.19989952445030212,
            "count": 4
        },
        "DynamicHallwayFireRL.Policy.Beta.mean": {
            "value": 0.009932009503245354,
            "min": 0.009932009503245354,
            "max": 0.009989961981773376,
            "count": 4
        },
        "DynamicHallwayFireRL.Losses.CuriosityForwardLoss.mean": {
            "value": 0.1058637872338295,
            "min": 0.08766551315784454,
            "max": 0.10596279054880142,
            "count": 4
        },
        "DynamicHallwayFireRL.Losses.CuriosityInverseLoss.mean": {
            "value": 0.9393197894096375,
            "min": 0.9393197894096375,
            "max": 1.5759871006011963,
            "count": 4
        },
        "DynamicHallwayFireRL.Environment.EpisodeLength.mean": {
            "value": 499.0,
            "min": 499.0,
            "max": 499.0,
            "count": 4
        },
        "DynamicHallwayFireRL.Environment.CumulativeReward.mean": {
            "value": -1.0447826204902453,
            "min": -1.8724999008700252,
            "max": -0.949411815361065,
            "count": 4
        },
        "DynamicHallwayFireRL.Policy.ExtrinsicReward.mean": {
            "value": -1.0447826204902453,
            "min": -1.8724999008700252,
            "max": -0.949411815361065,
            "count": 4
        },
        "DynamicHallwayFireRL.Policy.CuriosityReward.mean": {
            "value": 11.431260793105416,
            "min": 6.690695032477379,
            "max": 11.431260793105416,
            "count": 4
        },
        "DynamicHallwayFireRL.IsTraining.mean": {
            "value": 1.0,
            "min": 1.0,
            "max": 1.0,
            "count": 4
        }
    },
    "metadata": {
        "timer_format_version": "0.1.0",
        "start_time_seconds": "1695256972",
        "python_version": "3.7.16 (default, Jan 17 2023, 16:06:28) [MSC v.1916 64 bit (AMD64)]",
        "command_line_arguments": "C:\\Users\\dhh3hb\\Anaconda3\\envs\\ml-agents-108\\Scripts\\mlagents-learn config/DynamicHallwayFireRL.yaml --run-id Collab_Agent_01",
        "mlagents_version": "0.17.0",
        "mlagents_envs_version": "0.17.0",
        "communication_protocol_version": "1.0.0",
        "tensorflow_version": "2.11.0",
        "end_time_seconds": "1695257061"
    },
    "total": 88.5466074,
    "count": 1,
    "self": 0.005870500000000334,
    "children": {
        "run_training.setup": {
            "total": 0.014295100000000005,
            "count": 1,
            "self": 0.014295100000000005
        },
        "TrainerController.start_learning": {
            "total": 88.5264418,
            "count": 1,
            "self": 3.537022800000173,
            "children": {
                "TrainerController._reset_env": {
                    "total": 11.505325800000001,
                    "count": 1,
                    "self": 11.505325800000001
                },
                "TrainerController.advance": {
                    "total": 73.22621899999983,
                    "count": 6220,
                    "self": 0.07422720000026573,
                    "children": {
                        "env_step": {
                            "total": 73.15199179999956,
                            "count": 6220,
                            "self": 66.36555000000003,
                            "children": {
                                "SubprocessEnvManager._take_step": {
                                    "total": 6.706646799999675,
                                    "count": 6220,
                                    "self": 0.207675899999618,
                                    "children": {
                                        "NNPolicy.evaluate": {
                                            "total": 6.498970900000057,
                                            "count": 6220,
                                            "self": 6.498970900000057
                                        }
                                    }
                                },
                                "workers": {
                                    "total": 0.07979499999986572,
                                    "count": 6219,
                                    "self": 0.0,
                                    "children": {
                                        "worker_root": {
                                            "total": 76.42373620000009,
                                            "count": 6219,
                                            "is_parallel": true,
                                            "self": 19.635108400000142,
                                            "children": {
                                                "steps_from_proto": {
                                                    "total": 0.0007003999999994903,
                                                    "count": 1,
                                                    "is_parallel": true,
                                                    "self": 0.00022130000000153416,
                                                    "children": {
                                                        "_process_vector_observation": {
                                                            "total": 0.00047909999999795616,
                                                            "count": 4,
                                                            "is_parallel": true,
                                                            "self": 0.00047909999999795616
                                                        }
                                                    }
                                                },
                                                "UnityEnvironment.step": {
                                                    "total": 56.78792739999995,
                                                    "count": 6219,
                                                    "is_parallel": true,
                                                    "self": 1.0377565999994687,
                                                    "children": {
                                                        "UnityEnvironment._generate_step_input": {
                                                            "total": 0.5998310000002043,
                                                            "count": 6219,
                                                            "is_parallel": true,