Steps,Policy/Entropy,Policy/Extrinsic Value Estimate,Policy/GAIL Value Estimate,Environment/Episode Length,Environment/Cumulative Reward,Policy/Extrinsic Reward,Policy/GAIL Reward,Losses/Value Loss,Losses/Policy Loss,Policy/Learning Rate,Policy/Epsilon,Policy/Beta,Losses/GAIL Loss,Policy/GAIL Policy Estimate,Policy/GAIL Expert Estimate,Losses/Pretraining Loss,Is Training
10000,1.3376257,-63.63215,-37.653893,799.0,1.0833333333333333,1.0833333333333333,224.60260603080192,136.80132,0.20817927,0.0002992032,0.19973439,0.0049867467,5.0995126,0.14969063,0.93511677,0.10385591,1.0
20000,1.1594553,-43.916798,-25.04148,799.0,13.333333333333334,13.333333333333334,387.4499643246333,98.31386,0.15599036,0.0002977632,0.19925441,0.0049627945,2.168617,0.31416345,0.8018531,0.071305625,1.0
30000,0.9933562,-36.5646,-13.411826,799.0,27.76923076923077,27.76923076923077,265.7869928433345,51.64904,0.13215385,0.00029624306,0.1987477,0.004937509,1.039356,0.30140975,0.7980845,0.056159217,1.0
40000,0.83402824,-31.14796,-5.5332723,799.0,17.666666666666668,17.666666666666668,239.23440730571747,36.175674,0.15391067,0.0002947232,0.19824106,0.0049122293,0.8566841,0.27713865,0.8217611,0.04550335,1.0
50000,0.69616616,-23.402475,2.448634,799.0,22.923076923076923,22.923076923076923,273.67590789153024,25.519943,0.2419973,0.0002932832,0.19776107,0.004888277,0.7166726,0.20866741,0.86466247,0.045987125,1.0
