Steps,Policy/Extrinsic Value Estimate,Policy/GAIL Value Estimate,Policy/Entropy,Losses/Value Loss,Losses/Policy Loss,Policy/Learning Rate,Policy/Epsilon,Policy/Beta,Losses/GAIL Loss,Policy/GAIL Policy Estimate,Policy/GAIL Expert Estimate,Losses/Pretraining Loss,Environment/Episode Length,Environment/Cumulative Reward,Policy/Extrinsic Reward,Policy/GAIL Reward,Is Training
20000,2.0244296,10.156223,1.1650606,10.147342,0.100413606,0.00029775602,0.19925201,0.0009925949,1.0029895,0.33860397,0.68280375,0.0740484,799.0,43.15,43.15,369.69147510528563,1.0
30000,3.1531296,13.221783,1.0082718,8.471322,0.09352013,0.00029625598,0.198752,0.0009876448,0.9254921,0.3365135,0.7038509,0.05648628,None,None,None,None,1.0
40000,4.4044023,16.215761,0.8631269,7.937339,0.101788744,0.00029474404,0.198248,0.0009826553,0.9311825,0.3439037,0.69710696,0.046273746,799.0,40.95,40.95,329.4521270275116,1.0
50000,5.4894276,19.14955,0.7203239,5.770641,0.09598638,0.0002932663,0.19775543,0.0009777789,0.90071183,0.3215092,0.6989584,0.038496442,799.0,62.5,62.5,323.4126682281494,1.0
60000,5.242507,21.740755,0.5857113,4.2578993,0.09838452,0.000291744,0.197248,0.00097275525,0.86997616,0.2956223,0.6971457,0.033018474,None,None,None,None,1.0
70000,5.583876,24.37524,0.46223772,3.9160159,0.12522699,0.00029024915,0.1967497,0.0009678223,0.8880539,0.3099646,0.6943615,0.029306935,799.0,44.25,44.25,300.78327975273135,1.0
