{
    "name": "root",
    "gauges": {
        "DynamicHallwayFireRL.Policy.Entropy.mean": {
            "value": 0.65642249584198,
            "min": 0.633888304233551,
            "max": 1.5704107284545898,
            "count": 117
        },
        "DynamicHallwayFireRL.Policy.ExtrinsicValueEstimate.mean": {
            "value": 2.2436962127685547,
            "min": -0.03112989291548729,
            "max": 2.383864402770996,
            "count": 117
        },
        "DynamicHallwayFireRL.Losses.ValueLoss.mean": {
            "value": 0.17571908235549927,
            "min": 0.0027903523296117783,
            "max": 0.20995758473873138,
            "count": 117
        },
        "DynamicHallwayFireRL.Losses.PolicyLoss.mean": {
            "value": 0.1044360026717186,
            "min": 0.08836650848388672,
            "max": 0.11024085432291031,
            "count": 117
        },
        "DynamicHallwayFireRL.Policy.LearningRate.mean": {
            "value": 0.0002825258416123688,
            "min": 0.0002825258416123688,
            "max": 0.0002999125572387129,
            "count": 117
        },
        "DynamicHallwayFireRL.Policy.Epsilon.mean": {
            "value": 0.19417528808116913,
            "min": 0.19417528808116913,
            "max": 0.19997084140777588,
            "count": 117
        },
        "DynamicHallwayFireRL.Policy.Beta.mean": {
            "value": 0.009418109431862831,
            "min": 0.009418109431862831,
            "max": 0.009997086599469185,
            "count": 117
        },
        "DynamicHallwayFireRL.Environment.EpisodeLength.mean": {
            "value": 169.16666666666666,
            "min": 169.16666666666666,
            "max": 832.5,
            "count": 117
        },
        "DynamicHallwayFireRL.Environment.CumulativeReward.mean": {
            "value": 6.152073905630796,
            "min": -0.6658999926100174,
            "max": 8.641413672161955,
            "count": 117
        },
        "DynamicHallwayFireRL.Policy.ExtrinsicReward.mean": {
            "value": 6.152073905630796,
            "min": -0.6658999926100174,
            "max": 8.641413672161955,
            "count": 117
        },
        "DynamicHallwayFireRL.IsTraining.mean": {
            "value": 1.0,
            "min": 1.0,
            "max": 1.0,
            "count": 117
        }
    },
    "metadata": {
        "timer_format_version": "0.1.0",
        "start_time_seconds": "1693979270",
        "python_version": "3.7.16 (default, Jan 17 2023, 16:06:28) [MSC v.1916 64 bit (AMD64)]",
        "command_line_arguments": "C:\\Users\\dhh3hb\\Anaconda3\\envs\\ml-agents-108\\Scripts\\mlagents-learn D:\\GitHub\\SampleMLAgents\\config\\DynamicHallwayFireRL.yaml --run-id DynamicHallwayFireRL_02",
        "mlagents_version": "0.17.0",
        "mlagents_envs_version": "0.17.0",
        "communication_protocol_version": "1.0.0",
        "tensorflow_version": "2.11.0",
        "end_time_seconds": "1693985709"
    },
    "total": 6438.9639608,
    "count": 1,
    "self": 0.004815099999177619,
    "children": {
        "run_training.setup": {
            "total": 0.012699500000000086,
            "count": 1,
            "self": 0.012699500000000086
        },
        "TrainerController.start_learning": {
            "total": 6438.9464462000005,
            "count": 1,
            "self": 78.723086900015,
            "children": {
                "TrainerController._reset_env": {
                    "total": 33.478118499999994,
                    "count": 1,
                    "self": 33.478118499999994
                },
                "TrainerController.advance": {
                    "total": 6326.576116299984,
                    "count": 198647,
                    "self": 2.861167700012629,
                    "children": {
                        "env_step": {
                            "total": 6323.714948599972,
                            "count": 198647,
                            "self": 5649.197968200069,
                            "children": {
                                "SubprocessEnvManager._take_step": {
                                    "total": 670.0737901999042,
                                    "count": 198647,
                                    "self": 8.467789599826688,
                                    "children": {
                                        "NNPolicy.evaluate": {
                                            "total": 661.6060006000776,
                                            "count": 196117,
                                            "self": 661.6060006000776
                                        }
                                    }
                                },
                                "workers": {
                                    "total": 4.443190199998213,
                                    "count": 198646,
                                    "self": 0.0,
                                    "children": {
                                        "worker_root": {
                                            "total": 6396.907326799687,
                                            "count": 198646,
                                            "is_parallel": true,
                                            "self": 1167.4967820998008,
                                            "children": {
                                                "steps_from_proto": {
                                                    "total": 0.013269200000003423,
                                                    "count": 1,
                                                    "is_parallel": true,
                                                    "self": 0.000316100000013364,
                                                    "children": {
                                                        "_process_visual_observation": {
                                                            "total": 0.012953099999990059,
                                                            "count": 2,
                                                            "is_parallel": true,
                                                            "self": 0.00028619999999079937,
                                                            "children": {
                                                                "observation_to_np_array": {
                                                                    "total": 0.01266689999999926,
                                                                    "count": 6,
                                                                    "is_parallel": true,
                                                                    "self": 0.0001414999999980182,
                                                                    "children": {
                                                                        "process_pixels": {
                                                                            "total": 0.012525400000001241,
                                                                            "count": 6,
                                                                            "is_parallel": true,
                                                                            "self": 0.0006526000000022236,
                                                                            "children": {
                                                                                "image_decompress": {
                                                                                    "total": 0.011872799999999017,
                                                                                    "count": 6,
                                                                                    "is_parallel": true,