{
    "name": "root",
    "gauges": {
        "DynamicHallwayFireRL.Policy.Entropy.mean": {
            "value": 0.3433968424797058,
            "min": 0.24494202435016632,
            "max": 1.5955394506454468,
            "count": 616
        },
        "DynamicHallwayFireRL.Policy.ExtrinsicValueEstimate.mean": {
            "value": 0.8797091841697693,
            "min": -0.409199982881546,
            "max": 1.1831094026565552,
            "count": 616
        },
        "DynamicHallwayFireRL.Policy.CuriosityValueEstimate.mean": {
            "value": 0.8665982484817505,
            "min": 0.22823840379714966,
            "max": 1.8670413494110107,
            "count": 616
        },
        "DynamicHallwayFireRL.Losses.ValueLoss.mean": {
            "value": 0.026445699855685234,
            "min": 0.005117806140333414,
            "max": 0.059197571128606796,
            "count": 616
        },
        "DynamicHallwayFireRL.Losses.PolicyLoss.mean": {
            "value": 0.1019219309091568,
            "min": 0.0852646455168724,
            "max": 0.10939481854438782,
            "count": 616
        },
        "DynamicHallwayFireRL.Policy.LearningRate.mean": {
            "value": 0.00020767335081472993,
            "min": 0.00020767335081472993,
            "max": 0.0002999246644321829,
            "count": 616
        },
        "DynamicHallwayFireRL.Policy.Epsilon.mean": {
            "value": 0.16922444105148315,
            "min": 0.16922444105148315,
            "max": 0.1999748796224594,
            "count": 616
        },
        "DynamicHallwayFireRL.Policy.Beta.mean": {
            "value": 0.006925521418452263,
            "min": 0.006925521418452263,
            "max": 0.009997490793466568,
            "count": 616
        },
        "DynamicHallwayFireRL.Losses.CuriosityForwardLoss.mean": {
            "value": 0.03907104954123497,
            "min": 0.03156324848532677,
            "max": 0.09910625219345093,
            "count": 616
        },
        "DynamicHallwayFireRL.Losses.CuriosityInverseLoss.mean": {
            "value": 0.15594162046909332,
            "min": 0.1102379858493805,
            "max": 1.59397292137146,
            "count": 616
        },
        "DynamicHallwayFireRL.Environment.EpisodeLength.mean": {
            "value": 246.85,
            "min": 204.94,
            "max": 499.0,
            "count": 616
        },
        "DynamicHallwayFireRL.Environment.CumulativeReward.mean": {
            "value": 2.737974979216233,
            "min": -2.3960782485630583,
            "max": 4.4126475566332894,
            "count": 616
        },
        "DynamicHallwayFireRL.Policy.ExtrinsicReward.mean": {
            "value": 2.737974979216233,
            "min": -2.3960782485630583,
            "max": 4.4126475566332894,
            "count": 616
        },
        "DynamicHallwayFireRL.Policy.CuriosityReward.mean": {
            "value": 1.967932889983058,
            "min": 1.5902466190771924,
            "max": 11.123189750839682,
            "count": 616
        },
        "DynamicHallwayFireRL.IsTraining.mean": {
            "value": 1.0,
            "min": 1.0,
            "max": 1.0,
            "count": 616
        }
    },
    "metadata": {
        "timer_format_version": "0.1.0",
        "start_time_seconds": "1695096064",
        "python_version": "3.7.16 (default, Jan 17 2023, 16:06:28) [MSC v.1916 64 bit (AMD64)]",
        "command_line_arguments": "C:\\Users\\dhh3hb\\Anaconda3\\envs\\ml-agents-108\\Scripts\\mlagents-learn D:\\GitHub\\SampleMLAgents\\config\\DynamicHallwayFireRL.yaml --run-id DynamicRoomAgent_Water_Single_02",
        "mlagents_version": "0.17.0",
        "mlagents_envs_version": "0.17.0",
        "communication_protocol_version": "1.0.0",
        "tensorflow_version": "2.11.0",
        "end_time_seconds": "1695105680"
    },
    "total": 9615.713893499998,
    "count": 1,
    "self": 0.004801799999768264,
    "children": {
        "run_training.setup": {
            "total": 0.01279180000000002,
            "count": 1,
            "self": 0.01279180000000002
        },
        "TrainerController.start_learning": {
            "total": 9615.696299899999,
            "count": 1,
            "self": 263.0390699998716,
            "children": {
                "TrainerController._reset_env": {
                    "total": 22.5240018,
                    "count": 1,
                    "self": 22.5240018
                },
                "TrainerController.advance": {
                    "total": 9329.93043620013,
                    "count": 785774,
                    "self": 9.512024400315568,
                    "children": {
                        "env_step": {
                            "total": 9320.418411799814,
                            "count": 785774,
                            "self": 8495.7925257004,
                            "children": {
                                "SubprocessEnvManager._take_step": {
                                    "total": 814.0825078997059,
                                    "count": 785774,
                                    "self": 27.697233899123148,
                                    "children": {
                                        "NNPolicy.evaluate": {
                                            "total": 786.3852740005827,
                                            "count": 770592,
                                            "self": 786.3852740005827
                                        }
                                    }
                                },
                                "workers": {
                                    "total": 10.54337819970646,
                                    "count": 785773,
                                    "self": 0.0,
                                    "children": {
                                        "worker_root": {
                                            "total": 9573.772226599862,
                                            "count": 785773,
                                            "is_parallel": true,
                                            "self": 2294.3129819003134,
                                            "children": {
                                                "steps_from_proto": {
                                                    "total": 0.0007772000000016988,
                                                    "count": 1,
                                                    "is_parallel": true,
                                                    "self": 0.000245899999999466,
                                                    "children": {
                                                        "_process_vector_observation": {
                                                            "total": 0.0005313000000022328,
                                                            "count": 4,
                                                            "is_parallel": true,
                                                            "self": 0.0005313000000022328
                                                        }
                                                    }
                                                },
                                                "UnityEnvironment.step": {
                                                    "total": 7279.4584674995485,
                                                    "count": 785773,
                                                    "is_parallel": true,
                                                    "self": 132.99440719916583,
                                                    "children": {
                                                        "UnityEnvironment._generate_step_input": {
                                                            "total": 78.58793950042633,
                                                            "count": 785773,