Steps,Policy/Entropy,Policy/Extrinsic Value Estimate,Policy/GAIL Value Estimate,Environment/Episode Length,Environment/Cumulative Reward,Policy/Extrinsic Reward,Policy/GAIL Reward,Losses/Value Loss,Losses/Policy Loss,Policy/Learning Rate,Policy/Epsilon,Policy/Beta,Losses/GAIL Loss,Policy/GAIL Policy Estimate,Policy/GAIL Expert Estimate,Losses/Pretraining Loss,Is Training
10000,1.0793008,-0.10343697,0.83253413,499.0,-1.000000037252903,-1.000000037252903,23.612908341382678,0.2393386,0.39896142,0.0002998405,0.19994682,0.0099946875,1.6286502,0.34414807,0.6369536,0.18060318,1.0
20000,0.86577713,-0.07764478,2.382214,499.0,-1.000000037252903,-1.000000037252903,18.429033601284026,0.12236133,0.4712645,0.00029955365,0.1998512,0.009985134,0.86695194,0.26461026,0.7040165,0.16663487,1.0
