Steps,Policy/Entropy,Policy/Extrinsic Value Estimate,Policy/GAIL Value Estimate,Losses/Value Loss,Losses/Policy Loss,Policy/Learning Rate,Policy/Epsilon,Policy/Beta,Losses/GAIL Loss,Policy/GAIL Policy Estimate,Policy/GAIL Expert Estimate,Losses/Pretraining Loss,Environment/Episode Length,Environment/Cumulative Reward,Policy/Extrinsic Reward,Policy/GAIL Reward,Is Training
10000,1.4389793,-0.04577909,0.62315995,0.17890514,0.394536,0.00029982504,0.19994166,0.009994172,1.6064321,0.4034953,0.59279877,0.22066717,499.0,-1.000000037252903,-1.000000037252903,21.288407683372498,1.0
20000,1.1598921,-0.10737675,2.0822113,0.10053908,0.5416949,0.00029954384,0.19984795,0.00998481,0.8655269,0.2759114,0.71583706,0.1965358,499.0,-1.000000037252903,-1.000000037252903,16.812068838626146,1.0
30000,1.1287266,-0.20208831,2.8429773,0.14380318,0.55793333,0.0002992435,0.19974782,0.0099748075,0.91179097,0.29649127,0.6907115,0.1932396,499.0,-1.000000037252903,-1.000000037252903,20.478160869330168,1.0
40000,1.1743714,-0.19536667,3.3330033,0.0872713,0.5116253,0.00029894366,0.19964787,0.009964823,0.8523352,0.27513087,0.71316123,0.19193748,499.0,-1.000000037252903,-1.000000037252903,16.42571651743304,1.0
