{
    "name": "root",
    "gauges": {
        "ThreeRoomFire.Policy.Entropy.mean": {
            "value": 0.8670639991760254,
            "min": 0.7383012771606445,
            "max": 1.5478525161743164,
            "count": 64
        },
        "ThreeRoomFire.Policy.ExtrinsicValueEstimate.mean": {
            "value": 2.0000524520874023,
            "min": -0.29956868290901184,
            "max": 2.1687445640563965,
            "count": 64
        },
        "ThreeRoomFire.Policy.CuriosityValueEstimate.mean": {
            "value": 1.0049302577972412,
            "min": 0.20774948596954346,
            "max": 1.2965726852416992,
            "count": 64
        },
        "ThreeRoomFire.Policy.GAILValueEstimate.mean": {
            "value": 18.893585205078125,
            "min": 0.9048012495040894,
            "max": 29.736907958984375,
            "count": 64
        },
        "ThreeRoomFire.Environment.EpisodeLength.mean": {
            "value": 138.93333333333334,
            "min": 124.0253164556962,
            "max": 829.3333333333334,
            "count": 64
        },
        "ThreeRoomFire.Losses.ValueLoss.mean": {
            "value": 1.1504892110824585,
            "min": 1.0529223680496216,
            "max": 18.794658660888672,
            "count": 64
        },
        "ThreeRoomFire.Losses.PolicyLoss.mean": {
            "value": 0.4352160394191742,
            "min": 0.3442339301109314,
            "max": 0.5332058072090149,
            "count": 64
        },
        "ThreeRoomFire.Policy.LearningRate.mean": {
            "value": 0.0002809477737173438,
            "min": 0.0002809477737173438,
            "max": 0.0002998173877131194,
            "count": 64
        },
        "ThreeRoomFire.Policy.Epsilon.mean": {
            "value": 0.19364924728870392,
            "min": 0.19364924728870392,
            "max": 0.19993911683559418,
            "count": 64
        },
        "ThreeRoomFire.Policy.Beta.mean": {
            "value": 0.009365559555590153,
            "min": 0.009365559555590153,
            "max": 0.009993916377425194,
            "count": 64
        },
        "ThreeRoomFire.Losses.CuriosityForwardLoss.mean": {
            "value": 0.055103663355112076,
            "min": 0.03766092658042908,
            "max": 0.13153967261314392,
            "count": 64
        },
        "ThreeRoomFire.Losses.CuriosityInverseLoss.mean": {
            "value": 0.625071108341217,
            "min": 0.5813097357749939,
            "max": 1.594193935394287,
            "count": 64
        },
        "ThreeRoomFire.Losses.GAILLoss.mean": {
            "value": 0.8871679306030273,
            "min": 0.8353287577629089,
            "max": 3.3384816646575928,
            "count": 64
        },
        "ThreeRoomFire.Policy.GAILPolicyEstimate.mean": {
            "value": 0.30698344111442566,
            "min": 0.2847188413143158,
            "max": 0.3781697154045105,
            "count": 64
        },
        "ThreeRoomFire.Policy.GAILExpertEstimate.mean": {
            "value": 0.7057180404663086,
            "min": 0.6330704689025879,
            "max": 0.7275965213775635,
            "count": 64
        },
        "ThreeRoomFire.Losses.PretrainingLoss.mean": {
            "value": 0.0,
            "min": 0.0,
            "max": 0.22173787653446198,
            "count": 64
        },
        "ThreeRoomFire.Environment.CumulativeReward.mean": {
            "value": 5.8014427016422685,
            "min": -3.3309495963621885,
            "max": 6.543599946991257,
            "count": 64
        },
        "ThreeRoomFire.Policy.ExtrinsicReward.mean": {
            "value": 5.8014427016422685,
            "min": -3.3309495963621885,
            "max": 6.543599946991257,
            "count": 64
        },
        "ThreeRoomFire.Policy.CuriosityReward.mean": {
            "value": 1.6256074029420102,
            "min": 1.3438977912165129,
            "max": 11.395305876930555,
            "count": 64
        },
        "ThreeRoomFire.Policy.GAILReward.mean": {
            "value": 38.302479865721295,
            "min": 38.302479865721295,
            "max": 284.9597510007712,
            "count": 64
        },
        "ThreeRoomFire.IsTraining.mean": {
            "value": 1.0,
            "min": 1.0,
            "max": 1.0,
            "count": 64
        },
        "TwoRoomFire.Policy.Entropy.mean": {
            "value": 0.43981873989105225,
            "min": 0.39616382122039795,
            "max": 1.255703091621399,
            "count": 32
        },
        "TwoRoomFire.Policy.ExtrinsicValueEstimate.mean": {
            "value": 3.5700926780700684,
            "min": 0.12455008924007416,
            "max": 3.7770965099334717,
            "count": 32
        },
        "TwoRoomFire.Policy.GAILValueEstimate.mean": {
            "value": 12.034271240234375,
            "min": 4.6189165115356445,
            "max": 27.729379653930664,
            "count": 32
        },
        "TwoRoomFire.Losses.ValueLoss.mean": {
            "value": 1.1782429218292236,
            "min": 1.1247371435165405,
            "max": 22.481386184692383,
            "count": 32
        },
        "TwoRoomFire.Losses.PolicyLoss.mean": {
            "value": 0.07267925888299942,
            "min": 0.06420129537582397,
            "max": 0.07310667634010315,
            "count": 32
        },
        "TwoRoomFire.Policy.LearningRate.mean": {
            "value": 0.0002621944004204124,
            "min": 0.0002621944004204124,
            "max": 0.00029931787867099047,
            "count": 32
        },
        "TwoRoomFire.Policy.Epsilon.mean": {
            "value": 0.18739810585975647,
            "min": 0.18739810585975647,
            "max": 0.1997726410627365,
            "count": 32
        },
        "TwoRoomFire.Policy.Beta.mean": {
            "value": 0.004371166229248047,
            "min": 0.004371166229248047,
            "max": 0.004988653585314751,
            "count": 32
        },
        "TwoRoomFire.Losses.GAILLoss.mean": {
            "value": 0.6301741003990173,
            "min": 0.6176806092262268,
            "max": 2.67807936668396,
            "count": 32
        },
        "TwoRoomFire.Policy.GAILPolicyEstimate.mean": {
            "value": 0.2098381519317627,
            "min": 0.19924837350845337,
            "max": 0.33806535601615906,
            "count": 32
        },
        "TwoRoomFire.Policy.GAILExpertEstimate.mean": {
            "value": 0.8044518232345581,
            "min": 0.6718611717224121,
            "max": 0.8132938146591187,
            "count": 32
        },
        "TwoRoomFire.Losses.PretrainingLoss.mean": {
            "value": 0.0,
            "min": 0.0,
            "max": 0.1933075189590454,
            "count": 32
        },
        "TwoRoomFire.Environment.EpisodeLength.mean": {
            "value": 60.73230769230769,
            "min": 54.501385041551245,
            "max": 424.9111111111111,
            "count": 32
        },
        "TwoRoomFire.Environment.CumulativeReward.mean": {
            "value": 5.399183902004159,
            "min": 3.609769040832503,
            "max": 5.920160579034703,
            "count": 32
        },
        "TwoRoomFire.Policy.ExtrinsicReward.mean": {
            "value": 5.399183902004159,
            "min": 3.609769040832503,
            "max": 5.920160579034703,
            "count": 32
        },
        "TwoRoomFire.Policy.GAILReward.mean": {
            "value": 12.694215217645475,
            "min": 12.571595433038762,
            "max": 137.870152258873,
            "count": 32
        },
        "TwoRoomFire.IsTraining.mean": {
            "value": 1.0,
            "min": 1.0,
            "max": 1.0,
            "count": 32
        }
    },
    "metadata": {
        "timer_format_version": "0.1.0",
        "start_time_seconds": "1694655207",
        "python_version": "3.7.16 (default, Jan 17 2023, 16:06:28) [MSC v.1916 64 bit (AMD64)]",