{
    "name": "root",
    "metadata": {
        "timer_format_version": "0.1.0",
        "start_time_seconds": "1692861302",
        "python_version": "3.7.16 (default, Jan 17 2023, 16:06:28) [MSC v.1916 64 bit (AMD64)]",
        "command_line_arguments": "C:\\Users\\dhh3hb\\Anaconda3\\envs\\ml-agents-108\\Scripts\\mlagents-learn config/RobotReacher.yaml --run-id=Lite6_Imitation_07",
        "mlagents_version": "0.17.0",
        "mlagents_envs_version": "0.17.0",
        "communication_protocol_version": "1.0.0",
        "tensorflow_version": "2.11.0",
        "end_time_seconds": "1692861417"
    },
    "total": 114.426177,
    "count": 1,
    "self": 0.004200499999981844,
    "children": {
        "run_training.setup": {
            "total": 0.01255240000000013,
            "count": 1,
            "self": 0.01255240000000013
        },
        "TrainerController.start_learning": {
            "total": 114.40942410000001,
            "count": 1,
            "self": 3.8465397999996327,
            "children": {
                "TrainerController._reset_env": {
                    "total": 24.0188086,
                    "count": 1,
                    "self": 24.0188086
                },
                "demo_to_buffer": {
                    "total": 0.6148427999999946,
                    "count": 2,
                    "self": 0.002193199999993567,
                    "children": {
                        "load_demonstration": {
                            "total": 0.015323100000003365,
                            "count": 2,
                            "self": 0.01514680000000368,
                            "children": {
                                "read_file": {
                                    "total": 0.00017629999999968504,
                                    "count": 2,
                                    "self": 0.00017629999999968504
                                }
                            }
                        },
                        "make_demo_buffer": {
                            "total": 0.5973264999999977,
                            "count": 2,
                            "self": 0.1698457000001028,
                            "children": {
                                "steps_from_proto": {
                                    "total": 0.42748079999989486,
                                    "count": 6144,
                                    "self": 0.24749849999992435,
                                    "children": {
                                        "_process_vector_observation": {
                                            "total": 0.1799822999999705,
                                            "count": 12288,
                                            "self": 0.1799822999999705
                                        }
                                    }
                                }
                            }
                        }
                    }
                },
                "TrainerController.advance": {
                    "total": 85.65881940000038,
                    "count": 8631,
                    "self": 0.08749420000030739,
                    "children": {
                        "env_step": {
                            "total": 85.57132520000008,
                            "count": 8631,
                            "self": 80.26093879999931,
                            "children": {
                                "SubprocessEnvManager._take_step": {
                                    "total": 5.218575100000489,
                                    "count": 8631,
                                    "self": 0.22453290000085246,
                                    "children": {
                                        "NNPolicy.evaluate": {
                                            "total": 4.994042199999637,
                                            "count": 8631,
                                            "self": 4.994042199999637
                                        }
                                    }
                                },
                                "workers": {
                                    "total": 0.09181130000028048,
                                    "count": 8630,
                                    "self": 0.0,
                                    "children": {
                                        "worker_root": {
                                            "total": 89.76540719999905,
                                            "count": 8630,
                                            "is_parallel": true,
                                            "self": 17.082772899999085,
                                            "children": {
                                                "steps_from_proto": {
                                                    "total": 0.00030220000000014124,
                                                    "count": 1,
                                                    "is_parallel": true,
                                                    "self": 0.00011210000000261289,
                                                    "children": {
                                                        "_process_vector_observation": {
                                                            "total": 0.00019009999999752836,
                                                            "count": 2,
                                                            "is_parallel": true,
                                                            "self": 0.00019009999999752836
                                                        }
                                                    }
                                                },
                                                "UnityEnvironment.step": {
                                                    "total": 72.68233209999995,
                                                    "count": 8630,
                                                    "is_parallel": true,
                                                    "self": 0.5510003999997934,
                                                    "children": {
                                                        "UnityEnvironment._generate_step_input": {
                                                            "total": 0.39911100000023936,
                                                            "count": 8630,
                                                            "is_parallel": true,
                                                            "self": 0.39911100000023936
                                                        },
                                                        "communicator.exchange": {
                                                            "total": 70.55005559999998,
                                                            "count": 8630,
                                                            "is_parallel": true,
                                                            "self": 70.55005559999998
                                                        },
                                                        "steps_from_proto": {
                                                            "total": 1.1821650999999491,
                                                            "count": 8630,
                                                            "is_parallel": true,
                                                            "self": 0.5969311000003472,
                                                            "children": {
                                                                "_process_vector_observation": {
                                                                    "total": 0.5852339999996019,
                                                                    "count": 17260,