{
    "name": "root",
    "metadata": {
        "timer_format_version": "0.1.0",
        "start_time_seconds": "1692911208",
        "python_version": "3.7.16 (default, Jan 17 2023, 16:06:28) [MSC v.1916 64 bit (AMD64)]",
        "command_line_arguments": "C:\\Users\\dhh3hb\\Anaconda3\\envs\\ml-agents-108\\Scripts\\mlagents-learn config/RobotReacher.yaml --run-id=Lite6_Imitation_14",
        "mlagents_version": "0.17.0",
        "mlagents_envs_version": "0.17.0",
        "communication_protocol_version": "1.0.0",
        "tensorflow_version": "2.11.0",
        "end_time_seconds": "1692911289"
    },
    "total": 80.9376709,
    "count": 1,
    "self": 0.004168000000007055,
    "children": {
        "run_training.setup": {
            "total": 0.011211300000000257,
            "count": 1,
            "self": 0.011211300000000257
        },
        "TrainerController.start_learning": {
            "total": 80.9222916,
            "count": 1,
            "self": 3.1095536999998217,
            "children": {
                "TrainerController._reset_env": {
                    "total": 22.2655253,
                    "count": 1,
                    "self": 22.2655253
                },
                "demo_to_buffer": {
                    "total": 0.8393440000000005,
                    "count": 2,
                    "self": 0.0028450000000006526,
                    "children": {
                        "load_demonstration": {
                            "total": 0.01137560000000093,
                            "count": 2,
                            "self": 0.011129700000001463,
                            "children": {
                                "read_file": {
                                    "total": 0.000245899999999466,
                                    "count": 2,
                                    "self": 0.000245899999999466
                                }
                            }
                        },
                        "make_demo_buffer": {
                            "total": 0.825123399999999,
                            "count": 2,
                            "self": 0.2353999999998706,
                            "children": {
                                "steps_from_proto": {
                                    "total": 0.5897234000001284,
                                    "count": 8700,
                                    "self": 0.34492840000023506,
                                    "children": {
                                        "_process_vector_observation": {
                                            "total": 0.2447949999998933,
                                            "count": 17400,
                                            "self": 0.2447949999998933
                                        }
                                    }
                                }
                            }
                        }
                    }
                },
                "TrainerController.advance": {
                    "total": 54.449107500000174,
                    "count": 5777,
                    "self": 0.054675100000388,
                    "children": {
                        "env_step": {
                            "total": 54.394432399999786,
                            "count": 5777,
                            "self": 50.83195759999937,
                            "children": {
                                "SubprocessEnvManager._take_step": {
                                    "total": 3.502935600000203,
                                    "count": 5777,
                                    "self": 0.14244040000069091,
                                    "children": {
                                        "NNPolicy.evaluate": {
                                            "total": 3.3604951999995123,
                                            "count": 5777,
                                            "self": 3.3604951999995123
                                        }
                                    }
                                },
                                "workers": {
                                    "total": 0.059539200000212844,
                                    "count": 5776,
                                    "self": 0.0,
                                    "children": {
                                        "worker_root": {
                                            "total": 58.10701169999949,
                                            "count": 5776,
                                            "is_parallel": true,
                                            "self": 12.240199699999536,
                                            "children": {
                                                "steps_from_proto": {
                                                    "total": 0.0002957000000023413,
                                                    "count": 1,
                                                    "is_parallel": true,
                                                    "self": 0.0001221000000022343,
                                                    "children": {
                                                        "_process_vector_observation": {
                                                            "total": 0.000173600000000107,
                                                            "count": 2,
                                                            "is_parallel": true,
                                                            "self": 0.000173600000000107
                                                        }
                                                    }
                                                },
                                                "UnityEnvironment.step": {
                                                    "total": 45.86651629999995,
                                                    "count": 5776,
                                                    "is_parallel": true,
                                                    "self": 0.35691080000033537,
                                                    "children": {
                                                        "UnityEnvironment._generate_step_input": {
                                                            "total": 0.2637508999999447,
                                                            "count": 5776,
                                                            "is_parallel": true,
                                                            "self": 0.2637508999999447
                                                        },
                                                        "communicator.exchange": {
                                                            "total": 44.479913999999575,
                                                            "count": 5776,
                                                            "is_parallel": true,
                                                            "self": 44.479913999999575
                                                        },
                                                        "steps_from_proto": {
                                                            "total": 0.7659406000000999,
                                                            "count": 5776,
                                                            "is_parallel": true,
                                                            "self": 0.3901958000006722,
                                                            "children": {
                                                                "_process_vector_observation": {
                                                                    "total": 0.37574479999942767,
                                                                    "count": 11552,